id,word,score
0,a,1
1,about,1
2,above,1
3,across,1
4,action,1
5,activity,1
6,actor,1
7,actress,1
8,add,1
9,address,1
10,adult,1
11,advice,1
12,afraid,1
13,after,1
14,afternoon,1
15,again,1
16,age,1
17,ago,1
18,agree,1
19,air,1
20,airport,1
21,all,1
22,also,1
23,always,1
24,amazing,1
25,and,1
26,angry,1
27,animal,1
28,another,1
29,answer,1
30,any,1
31,anyone,1
32,anything,1
33,apartment,1
34,apple,1
35,april,1
36,area,1
37,arm,1
38,around,1
39,arrive,1
40,art,1
41,article,1
42,artist,1
43,as,1
44,ask,1
45,at,1
46,august,1
47,aunt,1
48,autumn,1
49,away,1
50,baby,1
51,back,1
52,bad,1
53,bag,1
54,ball,1
55,banana,1
56,band,1
57,bank,1
58,bath,1
59,bathroom,1
60,be,1
61,beach,1
62,beautiful,1
63,because,1
64,become,1
65,bed,1
66,bedroom,1
67,beer,1
68,before,1
69,begin,1
70,beginning,1
71,behind,1
72,believe,1
73,below,1
74,best,1
75,better,1
76,between,1
77,bicycle,1
78,big,1
79,bike,1
80,bill,1
81,bird,1
82,birthday,1
83,black,1
84,blog,1
85,blonde,1
86,blue,1
87,boat,1
88,body,1
89,book,1
90,boot,1
91,bored,1
92,boring,1
93,born,1
94,both,1
95,bottle,1
96,box,1
97,boy,1
98,boyfriend,1
99,bread,1
100,break,1
101,breakfast,1
102,bring,1
103,brother,1
104,brown,1
105,build,1
106,building,1
107,bus,1
108,business,1
109,busy,1
110,but,1
111,butter,1
112,buy,1
113,by,1
114,bye,1
115,cafe,1
116,cake,1
117,call,1
118,camera,1
119,can1,1
120,cannot,1
121,capital,1
122,car,1
123,card,1
124,career,1
125,carrot,1
126,carry,1
127,cat,1
128,cd,1
129,cent,1
130,centre,1
131,century,1
132,chair,1
133,change,1
134,chart,1
135,cheap,1
136,check,1
137,cheese,1
138,chicken,1
139,child,1
140,chocolate,1
141,choose,1
142,cinema,1
143,city,1
144,class,1
145,classroom,1
146,clean,1
147,climb,1
148,clock,1
149,close1,1
150,clothes,1
151,club,1
152,coat,1
153,coffee,1
154,cold,1
155,college,1
156,colour,1
157,come,1
158,common,1
159,company,1
160,compare,1
161,complete,1
162,computer,1
163,concert,1
164,conversation,1
165,cook,1
166,cooking,1
167,cool,1
168,correct,1
169,cost,1
170,could,1
171,country,1
172,course,1
173,cousin,1
174,cow,1
175,cream,1
176,create,1
177,culture,1
178,cup,1
179,customer,1
180,cut,1
181,dad,1
182,dance,1
183,dancer,1
184,dancing,1
185,dangerous,1
186,dark,1
187,date,1
188,daughter,1
189,day,1
190,dear,1
191,december,1
192,decide,1
193,delicious,1
194,describe,1
195,description,1
196,design,1
197,desk,1
198,detail,1
199,dialogue,1
200,dictionary,1
201,die,1
202,diet,1
203,difference,1
204,different,1
205,difficult,1
206,dinner,1
207,dirty,1
208,discuss,1
209,dish,1
210,do1,1
211,doctor,1
212,dog,1
213,dollar,1
214,door,1
215,down,1
216,downstairs,1
217,draw,1
218,dress,1
219,drink,1
220,drive,1
221,driver,1
222,during,1
223,dvd,1
224,each,1
225,ear,1
226,early,1
227,east,1
228,easy,1
229,eat,1
230,egg,1
231,eight,1
232,eighteen,1
233,eighty,1
234,elephant,1
235,eleven,1
236,else,1
237,email,1
238,end,1
239,enjoy,1
240,enough,1
241,euro,1
242,even,1
243,evening,1
244,event,1
245,ever,1
246,every,1
247,everybody,1
248,everyone,1
249,everything,1
250,exam,1
251,example,1
252,excited,1
253,exciting,1
254,exercise,1
255,expensive,1
256,explain,1
257,extra,1
258,eye,1
259,face,1
260,fact,1
261,fall,1
262,false,1
263,family,1
264,famous,1
265,fantastic,1
266,far,1
267,farm,1
268,farmer,1
269,fast,1
270,fat,1
271,father,1
272,favourite,1
273,february,1
274,feel,1
275,feeling,1
276,festival,1
277,few,1
278,fifteen,1
279,fifth,1
280,fifty,1
281,fill,1
282,film,1
283,final,1
284,find,1
285,fine,1
286,finish,1
287,fire,1
288,first,1
289,fish,1
290,five,1
291,flat,1
292,flight,1
293,floor,1
294,flower,1
295,fly,1
296,follow,1
297,food,1
298,foot,1
299,football,1
300,for,1
301,forget,1
302,form,1
303,forty,1
304,four,1
305,fourteen,1
306,fourth,1
307,free,1
308,friday,1
309,friend,1
310,friendly,1
311,from,1
312,front,1
313,fruit,1
314,full,1
315,fun,1
316,funny,1
317,future,1
318,game,1
319,garden,1
320,geography,1
321,get,1
322,girl,1
323,girlfriend,1
324,give,1
325,glass,1
326,go,1
327,good,1
328,goodbye,1
329,grandfather,1
330,grandmother,1
331,grandparent,1
332,great,1
333,green,1
334,grey,1
335,group,1
336,grow,1
337,guess,1
338,guitar,1
339,gym,1
340,hair,1
341,half,1
342,hand,1
343,happen,1
344,happy,1
345,hard,1
346,hat,1
347,hate,1
348,have,1
349,have,1
350,he,1
351,head,1
352,health,1
353,healthy,1
354,hear,1
355,hello,1
356,help,1
357,her,1
358,here,1
359,hey,1
360,hi,1
361,high,1
362,him,1
363,his,1
364,history,1
365,hobby,1
366,holiday,1
367,home,1
368,homework,1
369,hope,1
370,horse,1
371,hospital,1
372,hot,1
373,hotel,1
374,hour,1
375,house,1
376,how,1
377,however,1
378,hundred,1
379,hungry,1
380,husband,1
381,i,1
382,ice,1
383,ice,1
384,idea,1
385,if,1
386,imagine,1
387,important,1
388,improve,1
389,in,1
390,include,1
391,information,1
392,interest,1
393,interested,1
394,interesting,1
395,internet,1
396,interview,1
397,into,1
398,introduce,1
399,island,1
400,it,1
401,its,1
402,jacket,1
403,january,1
404,jeans,1
405,job,1
406,join,1
407,journey,1
408,juice,1
409,july,1
410,june,1
411,just,1
412,keep,1
413,key,1
414,kilometre,1
415,kind,1
416,kitchen,1
417,know,1
418,land,1
419,language,1
420,large,1
421,last1,1
422,late,1
423,later,1
424,laugh,1
425,learn,1
426,leave,1
427,left,1
428,leg,1
429,lesson,1
430,let,1
431,letter,1
432,library,1
433,lie1,1
434,life,1
435,light,1
436,adj.,1
437,like,1
438,like,1
439,line,1
440,lion,1
441,list,1
442,listen,1
443,little,1
444,live1,1
445,local,1
446,long1,1
447,look,1
448,lose,1
449,lot,1
450,love,1
451,lunch,1
452,machine,1
453,magazine,1
454,main,1
455,make,1
456,man,1
457,many,1
458,map,1
459,march,1
460,market,1
461,married,1
462,match,1
463,may,1
464,maybe,1
465,me,1
466,meal,1
467,mean,1
468,meaning,1
469,meat,1
470,meet,1
471,meeting,1
472,member,1
473,menu,1
474,message,1
475,metre,1
476,midnight,1
477,mile,1
478,milk,1
479,million,1
480,minute1,1
481,miss,1
482,mistake,1
483,model,1
484,modern,1
485,moment,1
486,monday,1
487,money,1
488,month,1
489,more,1
490,morning,1
491,most,1
492,mother,1
493,mountain,1
494,mouse,1
495,mouth,1
496,move,1
497,movie,1
498,much,1
499,mum,1
500,museum,1
501,music,1
502,must,1
503,my,1
504,name,1
505,natural,1
506,near,1
507,need,1
508,negative,1
509,neighbour,1
510,never,1
511,new,1
512,news,1
513,newspaper,1
514,next,1
515,next,1
516,nice,1
517,night,1
518,nine,1
519,nineteen,1
520,ninety,1
521,no,1
522,no,1
523,nobody,1
524,north,1
525,nose,1
526,not,1
527,note,1
528,nothing,1
529,november,1
530,now,1
531,number,1
532,nurse,1
533,object,1
534,oâ€™clock,1
535,october,1
536,of,1
537,off,1
538,office,1
539,often,1
540,oh,1
541,ok,1
542,old,1
543,on,1
544,once,1
545,one,1
546,onion,1
547,online,1
548,only,1
549,open,1
550,opinion,1
551,opposite,1
552,or,1
553,orange,1
554,order,1
555,other,1
556,our,1
557,out,1
558,outside,1
559,over,1
560,own,1
561,page,1
562,paint,1
563,painting,1
564,pair,1
565,paper,1
566,paragraph,1
567,parent,1
568,park,1
569,part,1
570,partner,1
571,party,1
572,passport,1
573,past,1
574,pay,1
575,pen,1
576,pencil,1
577,people,1
578,pepper,1
579,perfect,1
580,period,1
581,person,1
582,personal,1
583,phone,1
584,photo,1
585,photograph,1
586,phrase,1
587,piano,1
588,picture,1
589,piece,1
590,pig,1
591,pink,1
592,place,1
593,plan,1
594,plane,1
595,plant,1
596,play,1
597,player,1
598,please,1
599,point,1
600,police,1
601,policeman,1
602,pool,1
603,poor,1
604,popular,1
605,positive,1
606,possible,1
607,post,1
608,potato,1
609,pound,1
610,practice,1
611,practise,1
612,prefer,1
613,prepare,1
614,present,1
615,pretty,1
616,price,1
617,probably,1
618,problem,1
619,product,1
620,programme,1
621,project,1
622,purple,1
623,put,1
624,quarter,1
625,question,1
626,quick,1
627,quickly,1
628,quiet,1
629,quite,1
630,radio,1
631,rain,1
632,read,1
633,reader,1
634,reading,1
635,ready,1
636,real,1
637,really,1
638,reason,1
639,red,1
640,relax,1
641,remember,1
642,repeat,1
643,report,1
644,restaurant,1
645,result,1
646,return,1
647,rice,1
648,rich,1
649,ride,1
650,right,1
651,river,1
652,road,1
653,room,1
654,routine,1
655,rule,1
656,run,1
657,sad,1
658,salad,1
659,salt,1
660,same,1
661,sandwich,1
662,saturday,1
663,say,1
664,school,1
665,science,1
666,scientist,1
667,sea,1
668,second1,1
669,number,1
670,second1,1
671,section,1
672,see,1
673,sell,1
674,send,1
675,sentence,1
676,september,1
677,seven,1
678,seventeen,1
679,seventy,1
680,share,1
681,she,1
682,sheep,1
683,shirt,1
684,shoe,1
685,shop,1
686,shopping,1
687,short,1
688,should,1
689,show,1
690,shower,1
691,sick,1
692,similar,1
693,sing,1
694,singer,1
695,sister,1
696,sit,1
697,situation,1
698,six,1
699,sixteen,1
700,sixty,1
701,skill,1
702,skirt,1
703,sleep,1
704,slow,1
705,small,1
706,snake,1
707,snow,1
708,so,1
709,some,1
710,somebody,1
711,someone,1
712,something,1
713,sometimes,1
714,son,1
715,song,1
716,soon,1
717,sorry,1
718,sound,1
719,soup,1
720,south,1
721,space,1
722,speak,1
723,special,1
724,spell,1
725,spelling,1
726,spend,1
727,sport,1
728,spring,1
729,stand,1
730,star,1
731,start,1
732,statement,1
733,station,1
734,stay,1
735,still,1
736,stop,1
737,story,1
738,street,1
739,strong,1
740,student,1
741,study,1
742,style,1
743,subject,1
744,success,1
745,sugar,1
746,summer,1
747,sun,1
748,sunday,1
749,supermarket,1
750,sure,1
751,sweater,1
752,swim,1
753,swimming,1
754,table,1
755,take,1
756,talk,1
757,tall,1
758,taxi,1
759,tea,1
760,teach,1
761,teacher,1
762,team,1
763,teenager,1
764,telephone,1
765,television,1
766,tell,1
767,ten,1
768,tennis,1
769,terrible,1
770,test,1
771,text,1
772,than,1
773,thank,1
774,thanks,1
775,that,1
776,the,1
777,theatre,1
778,their,1
779,them,1
780,then,1
781,there,1
782,they,1
783,thing,1
784,think,1
785,third,1
786,thirsty,1
787,thirteen,1
788,thirty,1
789,this,1
790,thousand,1
791,three,1
792,through,1
793,thursday,1
794,ticket,1
795,time,1
796,tired,1
797,title,1
798,to,1
799,today,1
800,together,1
801,toilet,1
802,tomato,1
803,tomorrow,1
804,tonight,1
805,too,1
806,tooth,1
807,topic,1
808,tourist,1
809,town,1
810,traffic,1
811,train,1
812,travel,1
813,tree,1
814,trip,1
815,trousers,1
816,true,1
817,try,1
818,t-shirt,1
819,tuesday,1
820,turn,1
821,tv,1
822,twelve,1
823,twenty,1
824,twice,1
825,two,1
826,type,1
827,umbrella,1
828,uncle,1
829,under,1
830,understand,1
831,university,1
832,until,1
833,up,1
834,upstairs,1
835,us,1
836,use,1
837,useful,1
838,usually,1
839,vacation,1
840,vegetable,1
841,very,1
842,video,1
843,village,1
844,visit,1
845,visitor,1
846,wait,1
847,waiter,1
848,wake,1
849,walk,1
850,wall,1
851,want,1
852,warm,1
853,wash,1
854,watch,1
855,water,1
856,way,1
857,we,1
858,wear,1
859,weather,1
860,website,1
861,wednesday,1
862,week,1
863,weekend,1
864,welcome,1
865,well,1
866,west,1
867,what,1
868,when,1
869,where,1
870,which,1
871,white,1
872,who,1
873,why,1
874,wife,1
875,will,1
876,win,1
877,window,1
878,wine,1
879,winter,1
880,with,1
881,without,1
882,woman,1
883,wonderful,1
884,word,1
885,work,1
886,worker,1
887,world,1
888,would,1
889,write,1
890,writer,1
891,writing,1
892,wrong,1
893,yeah,1
894,year,1
895,yellow,1
896,yes,1
897,yesterday,1
898,you,1
899,young,1
900,your,1
901,yourself,1
902,ability,2
903,able,2
904,abroad,2
905,accept,2
906,accident,2
907,according,2
908,achieve,2
909,act,2
910,active,2
911,actually,2
912,adult,2
913,advantage,2
914,adventure,2
915,advertise,2
916,advertisement,2
917,advertising,2
918,affect,2
919,after,2
920,against,2
921,ah,2
922,airline,2
923,alive,2
924,all,2
925,all,2
926,allow,2
927,almost,2
928,alone,2
929,along,2
930,already,2
931,alternative,2
932,although,2
933,among,2
934,amount,2
935,ancient,2
936,ankle,2
937,any,2
938,anybody,2
939,any,2
940,anyway,2
941,anywhere,2
942,app,2
943,appear,2
944,appearance,2
945,apply,2
946,architect,2
947,architecture,2
948,argue,2
949,argument,2
950,army,2
951,arrange,2
952,arrangement,2
953,as,2
954,asleep,2
955,assistant,2
956,athlete,2
957,attack,2
958,attend,2
959,attention,2
960,attractive,2
961,audience,2
962,author,2
963,available,2
964,average,2
965,avoid,2
966,award,2
967,awful,2
968,back,2
969,background,2
970,badly,2
971,bar,2
972,baseball,2
973,based,2
974,basketball,2
975,bean,2
976,bear,2
977,beat,2
978,beef,2
979,before,2
980,behave,2
981,behaviour,2
982,belong,2
983,belt,2
984,benefit,2
985,best,2
986,better,2
987,between,2
988,billion,2
989,bin,2
990,biology,2
991,birth,2
992,biscuit,2
993,bit,2
994,blank,2
995,blood,2
996,blow,2
997,board,2
998,boil,2
999,bone,2
1000,book,2
1001,borrow,2
1002,boss,2
1003,bottom,2
1004,bowl,2
1005,brain,2
1006,bridge,2
1007,bright,2
1008,brilliant,2
1009,broken,2
1010,brush,2
1011,burn,2
1012,businessman,2
1013,button,2
1014,camp,2
1015,camping,2
1016,can2,2
1017,care,2
1018,careful,2
1019,carefully,2
1020,carpet,2
1021,cartoon,2
1022,case,2
1023,cash,2
1024,castle,2
1025,catch,2
1026,cause,2
1027,celebrate,2
1028,celebrity,2
1029,certain,2
1030,certainly,2
1031,chance,2
1032,character,2
1033,charity,2
1034,chat,2
1035,check,2
1036,chef,2
1037,chemistry,2
1038,chip,2
1039,choice,2
1040,church,2
1041,cigarette,2
1042,circle,2
1043,classical,2
1044,clear,2
1045,clearly,2
1046,clever,2
1047,climate,2
1048,close2,2
1049,closed,2
1050,clothing,2
1051,cloud,2
1052,coach,2
1053,coast,2
1054,code,2
1055,colleague,2
1056,collect,2
1057,column,2
1058,comedy,2
1059,comfortable,2
1060,comment,2
1061,communicate,2
1062,community,2
1063,compete,2
1064,competition,2
1065,complain,2
1066,completely,2
1067,condition,2
1068,conference,2
1069,connect,2
1070,connected,2
1071,consider,2
1072,contain,2
1073,context,2
1074,continent,2
1075,continue,2
1076,control,2
1077,cook,2
1078,cooker,2
1079,copy,2
1080,corner,2
1081,correctly,2
1082,count,2
1083,couple,2
1084,cover,2
1085,crazy,2
1086,creative,2
1087,credit,2
1088,crime,2
1089,criminal,2
1090,cross,2
1091,crowd,2
1092,crowded,2
1093,cry,2
1094,cupboard,2
1095,curly,2
1096,cycle,2
1097,daily,2
1098,danger,2
1099,dark,2
1100,data,2
1101,dead,2
1102,deal,2
1103,dear,2
1104,death,2
1105,decision,2
1106,deep,2
1107,definitely,2
1108,degree,2
1109,dentist,2
1110,department,2
1111,depend,2
1112,desert,2
1113,designer,2
1114,destroy,2
1115,detective,2
1116,develop,2
1117,device,2
1118,diary,2
1119,differently,2
1120,digital,2
1121,direct,2
1122,direction,2
1123,director,2
1124,disagree,2
1125,disappear,2
1126,disaster,2
1127,discover,2
1128,discovery,2
1129,discussion,2
1130,disease,2
1131,distance,2
1132,divorced,2
1133,document,2
1134,double,2
1135,download,2
1136,downstairs,2
1137,drama,2
1138,drawing,2
1139,dream,2
1140,drive,2
1141,driving,2
1142,drop,2
1143,drug,2
1144,dry,2
1145,earn,2
1146,earth,2
1147,easily,2
1148,education,2
1149,effect,2
1150,either,2
1151,electric,2
1152,electrical,2
1153,electricity,2
1154,electronic,2
1155,employ,2
1156,employee,2
1157,employer,2
1158,empty,2
1159,ending,2
1160,energy,2
1161,engine,2
1162,engineer,2
1163,enormous,2
1164,enter,2
1165,environment,2
1166,equipment,2
1167,error,2
1168,especially,2
1169,essay,2
1170,everyday,2
1171,everywhere,2
1172,evidence,2
1173,exact,2
1174,exactly,2
1175,excellent,2
1176,except,2
1177,exist,2
1178,expect,2
1179,experience,2
1180,experiment,2
1181,expert,2
1182,explanation,2
1183,express,2
1184,expression,2
1185,extreme,2
1186,extremely,2
1187,factor,2
1188,factory,2
1189,fail,2
1190,fair,2
1191,fall,2
1192,fan,2
1193,farm,2
1194,farming,2
1195,fashion,2
1196,fat,2
1197,fear,2
1198,feature,2
1199,feed,2
1200,female,2
1201,fiction,2
1202,field,2
1203,fight,2
1204,figure,2
1205,film,2
1206,final,2
1207,finally,2
1208,finger,2
1209,finish,2
1210,first,2
1211,firstly,2
1212,fish,2
1213,fishing,2
1214,fit,2
1215,fix,2
1216,flat,2
1217,flu,2
1218,fly,2
1219,flying,2
1220,focus,2
1221,following,2
1222,foreign,2
1223,forest,2
1224,fork,2
1225,formal,2
1226,fortunately,2
1227,forward,2
1228,free,2
1229,fresh,2
1230,fridge,2
1231,frog,2
1232,fun,2
1233,furniture,2
1234,further,2
1235,future,2
1236,gallery,2
1237,gap,2
1238,gas,2
1239,gate,2
1240,general,2
1241,gift,2
1242,goal,2
1243,god,2
1244,gold,2
1245,golf,2
1246,good,2
1247,government,2
1248,grass,2
1249,greet,2
1250,ground,2
1251,guest,2
1252,guide,2
1253,gun,2
1254,guy,2
1255,habit,2
1256,half,2
1257,hall,2
1258,happily,2
1259,have,2
1260,headache,2
1261,heart,2
1262,heat,2
1263,heavy,2
1264,height,2
1265,helpful,2
1266,hero,2
1267,hers,2
1268,herself,2
1269,hide,2
1270,high,2
1271,hill,2
1272,himself,2
1273,his,2
1274,hit,2
1275,hockey,2
1276,hold,2
1277,hole,2
1278,home,2
1279,hope,2
1280,huge,2
1281,human,2
1282,hurt,2
1283,ideal,2
1284,identify,2
1285,ill,2
1286,illness,2
1287,image,2
1288,immediately,2
1289,impossible,2
1290,included,2
1291,including,2
1292,increase,2
1293,incredible,2
1294,independent,2
1295,individual,2
1296,industry,2
1297,informal,2
1298,injury,2
1299,insect,2
1300,inside,2
1301,instead,2
1302,instruction,2
1303,instructor,2
1304,instrument,2
1305,intelligent,2
1306,international,2
1307,introduction,2
1308,invent,2
1309,invention,2
1310,invitation,2
1311,invite,2
1312,involve,2
1313,item,2
1314,itself,2
1315,jam,2
1316,jazz,2
1317,jewellery,2
1318,joke,2
1319,journalist,2
1320,jump,2
1321,kid,2
1322,kill,2
1323,king,2
1324,knee,2
1325,knife,2
1326,knock,2
1327,knowledge,2
1328,lab,2
1329,lady,2
1330,lake,2
1331,lamp,2
1332,land,2
1333,laptop,2
1334,last1,2
1335,last1,2
1336,later,2
1337,laughter,2
1338,law,2
1339,lawyer,2
1340,lazy,2
1341,lead1,2
1342,leader,2
1343,learning,2
1344,least,2
1345,lecture,2
1346,lemon,2
1347,lend,2
1348,less,2
1349,level,2
1350,lifestyle,2
1351,lift,2
1352,light,2
1353,light,2
1354,likely,2
1355,link,2
1356,listener,2
1357,little,2
1358,lock,2
1359,look,2
1360,lorry,2
1361,lost,2
1362,loud,2
1363,loudly,2
1364,lovely,2
1365,low,2
1366,luck,2
1367,lucky,2
1368,mail,2
1369,major,2
1370,male,2
1371,manage,2
1372,manager,2
1373,manner,2
1374,mark,2
1375,marry,2
1376,material,2
1377,mathematics,2
1378,maths,2
1379,matter,2
1380,may,2
1381,media,2
1382,medical,2
1383,medicine,2
1384,memory,2
1385,mention,2
1386,metal,2
1387,method,2
1388,middle,2
1389,might,2
1390,mind,2
1391,mine,2
1392,mirror,2
1393,missing,2
1394,mobile,2
1395,monkey,2
1396,moon,2
1397,mostly,2
1398,motorcycle,2
1399,movement,2
1400,musical,2
1401,musician,2
1402,myself,2
1403,narrow,2
1404,national,2
1405,nature,2
1406,nearly,2
1407,necessary,2
1408,neck,2
1409,need,2
1410,neither,2
1411,nervous,2
1412,network,2
1413,noise,2
1414,noisy,2
1415,none,2
1416,normal,2
1417,normally,2
1418,notice,2
1419,novel,2
1420,nowhere,2
1421,number,2
1422,nut,2
1423,ocean,2
1424,offer,2
1425,officer,2
1426,oil,2
1427,onto,2
1428,opportunity,2
1429,option,2
1430,ordinary,2
1431,organization,2
1432,organize,2
1433,original,2
1434,ourselves,2
1435,outside,2
1436,oven,2
1437,own,2
1438,owner,2
1439,pack,2
1440,pain,2
1441,painter,2
1442,palace,2
1443,pants,2
1444,parking,2
1445,particular,2
1446,pass,2
1447,passenger,2
1448,past,2
1449,patient,2
1450,pattern,2
1451,pay,2
1452,peace,2
1453,penny,2
1454,per,2
1455,per,2
1456,perform,2
1457,perhaps,2
1458,permission,2
1459,personality,2
1460,pet,2
1461,petrol,2
1462,photograph,2
1463,physical,2
1464,physics,2
1465,pick,2
1466,pilot,2
1467,planet,2
1468,plant,2
1469,plastic,2
1470,plate,2
1471,platform,2
1472,please,2
1473,pleased,2
1474,pocket,2
1475,polite,2
1476,pollution,2
1477,pop,2
1478,population,2
1479,position,2
1480,possession,2
1481,possibility,2
1482,poster,2
1483,power,2
1484,predict,2
1485,present,2
1486,president,2
1487,prevent,2
1488,print,2
1489,printer,2
1490,prison,2
1491,prize,2
1492,process,2
1493,produce,2
1494,professional,2
1495,professor,2
1496,profile,2
1497,program,2
1498,progress,2
1499,promise,2
1500,pronounce,2
1501,protect,2
1502,provide,2
1503,pub,2
1504,public,2
1505,publish,2
1506,pull,2
1507,purpose,2
1508,push,2
1509,quality,2
1510,quantity,2
1511,queen,2
1512,question,2
1513,quietly,2
1514,race,2
1515,railway,2
1516,raise,2
1517,rate,2
1518,rather,2
1519,reach,2
1520,react,2
1521,realize,2
1522,receive,2
1523,recent,2
1524,recently,2
1525,reception,2
1526,recipe,2
1527,recognize,2
1528,recommend,2
1529,record,2
1530,recording,2
1531,recycle,2
1532,reduce,2
1533,refer,2
1534,refuse1,2
1535,region,2
1536,regular,2
1537,relationship,2
1538,remove,2
1539,repair,2
1540,replace,2
1541,reply,2
1542,report,2
1543,reporter,2
1544,request,2
1545,research,2
1546,researcher,2
1547,respond,2
1548,response,2
1549,rest,2
1550,rest,2
1551,review,2
1552,ride,2
1553,ring1,2
1554,ring2,2
1555,rise,2
1556,rock,2
1557,rock,2
1558,role,2
1559,roof,2
1560,round,2
1561,route,2
1562,rubbish,2
1563,rude,2
1564,run,2
1565,runner,2
1566,running,2
1567,sadly,2
1568,safe,2
1569,sail,2
1570,sailing,2
1571,salary,2
1572,sale,2
1573,sauce,2
1574,save,2
1575,scared,2
1576,scary,2
1577,scene,2
1578,schedule,2
1579,score,2
1580,screen,2
1581,search,2
1582,season,2
1583,seat,2
1584,second1,2
1585,secondly,2
1586,secret,2
1587,secretary,2
1588,seem,2
1589,sense,2
1590,separate,2
1591,series,2
1592,serious,2
1593,serve,2
1594,service,2
1595,several,2
1596,shake,2
1597,shall,2
1598,shape,2
1599,sheet,2
1600,ship,2
1601,shoulder,2
1602,shout,2
1603,shut,2
1604,side,2
1605,sign,2
1606,silver,2
1607,simple,2
1608,since,2
1609,singing,2
1610,single,2
1611,sir,2
1612,site,2
1613,size,2
1614,ski,2
1615,skiing,2
1616,skin,2
1617,sky,2
1618,sleep,2
1619,slowly,2
1620,smartphone,2
1621,smell,2
1622,smile,2
1623,smoke,2
1624,smoking,2
1625,soap,2
1626,soccer,2
1627,social,2
1628,society,2
1629,sock,2
1630,soft,2
1631,soldier,2
1632,solution,2
1633,solve,2
1634,somewhere,2
1635,sort,2
1636,source,2
1637,speaker,2
1638,specific,2
1639,speech,2
1640,speed,2
1641,spider,2
1642,spoon,2
1643,square,2
1644,stage,2
1645,stair,2
1646,stamp,2
1647,star,2
1648,start,2
1649,state,2
1650,stay,2
1651,steal,2
1652,step,2
1653,stomach,2
1654,stone,2
1655,store,2
1656,storm,2
1657,straight,2
1658,strange,2
1659,strategy,2
1660,stress,2
1661,structure,2
1662,stupid,2
1663,succeed,2
1664,successful,2
1665,such,2
1666,suddenly,2
1667,suggest,2
1668,suggestion,2
1669,suit,2
1670,support,2
1671,suppose,2
1672,sure,2
1673,surprise,2
1674,surprised,2
1675,surprising,2
1676,survey,2
1677,sweet,2
1678,symbol,2
1679,system,2
1680,tablet,2
1681,talk,2
1682,target,2
1683,task,2
1684,taste,2
1685,teaching,2
1686,technology,2
1687,teenage,2
1688,temperature,2
1689,term,2
1690,text,2
1691,themselves,2
1692,thick,2
1693,thief,2
1694,thin,2
1695,thinking,2
1696,third,2
1697,thought,2
1698,throw,2
1699,tidy,2
1700,tie,2
1701,tip,2
1702,tool,2
1703,top,2
1704,touch,2
1705,tour,2
1706,tourism,2
1707,towards,2
1708,towel,2
1709,tower,2
1710,toy,2
1711,track,2
1712,tradition,2
1713,traditional,2
1714,train,2
1715,trainer,2
1716,training,2
1717,transport,2
1718,traveller,2
1719,trouble,2
1720,truck,2
1721,twin,2
1722,typical,2
1723,underground,2
1724,understanding,2
1725,unfortunately,2
1726,unhappy,2
1727,uniform,2
1728,unit,2
1729,united,2
1730,unusual,2
1731,upstairs,2
1732,use,2
1733,used,2
1734,user,2
1735,usual,2
1736,valley,2
1737,van,2
1738,variety,2
1739,vehicle,2
1740,view,2
1741,virus,2
1742,voice,2
1743,wait,2
1744,war,2
1745,wash,2
1746,washing,2
1747,wave,2
1748,weak,2
1749,web,2
1750,wedding,2
1751,weight,2
1752,welcome,2
1753,wet,2
1754,wheel,2
1755,while,2
1756,whole,2
1757,whose,2
1758,wide,2
1759,wild,2
1760,wind1,2
1761,winner,2
1762,wish,2
1763,wood,2
1764,wooden,2
1765,working,2
1766,worried,2
1767,worry,2
1768,worse,2
1769,worst,2
1770,wow,2
1771,yet,2
1772,yours,2
1773,zero,2
1774,absolutely,3
1775,academic,3
1776,access,3
1777,accommodation,3
1778,account,3
1779,achievement,3
1780,act,3
1781,ad,3
1782,addition,3
1783,admire,3
1784,admit,3
1785,advanced,3
1786,advise,3
1787,afford,3
1788,age,3
1789,aged,3
1790,agent,3
1791,agreement,3
1792,ahead,3
1793,aim,3
1794,alarm,3
1795,album,3
1796,alcohol,3
1797,alcoholic,3
1798,alternative,3
1799,amazed,3
1800,ambition,3
1801,ambitious,3
1802,analyse,3
1803,analysis,3
1804,announce,3
1805,announcement,3
1806,annoy,3
1807,annoyed,3
1808,annoying,3
1809,apart,3
1810,apologize,3
1811,application,3
1812,appointment,3
1813,appreciate,3
1814,approximately,3
1815,arrest,3
1816,arrival,3
1817,assignment,3
1818,assist,3
1819,atmosphere,3
1820,attach,3
1821,attitude,3
1822,attract,3
1823,attraction,3
1824,authority,3
1825,average,3
1826,award,3
1827,aware,3
1828,backwards,3
1829,bake,3
1830,balance,3
1831,ban,3
1832,bank,3
1833,base,3
1834,basic,3
1835,basis,3
1836,battery,3
1837,battle,3
1838,beauty,3
1839,bee,3
1840,belief,3
1841,bell,3
1842,bend,3
1843,benefit,3
1844,better,3
1845,bite,3
1846,block,3
1847,board,3
1848,bomb,3
1849,border,3
1850,bother,3
1851,branch,3
1852,brand,3
1853,brave,3
1854,breath,3
1855,breathe,3
1856,breathing,3
1857,bride,3
1858,bubble,3
1859,bury,3
1860,by,3
1861,calm,3
1862,campaign,3
1863,campus,3
1864,candidate,3
1865,cap,3
1866,captain,3
1867,careless,3
1868,category,3
1869,ceiling,3
1870,celebration,3
1871,central,3
1872,centre,3
1873,ceremony,3
1874,chain,3
1875,challenge,3
1876,champion,3
1877,channel,3
1878,chapter,3
1879,charge,3
1880,cheap,3
1881,cheat,3
1882,cheerful,3
1883,chemical,3
1884,chest,3
1885,childhood,3
1886,claim,3
1887,clause,3
1888,clear,3
1889,click,3
1890,client,3
1891,climb,3
1892,close2,3
1893,cloth,3
1894,clue,3
1895,coach,3
1896,coal,3
1897,coin,3
1898,collection,3
1899,coloured,3
1900,combine,3
1901,comment,3
1902,commercial,3
1903,commit,3
1904,communication,3
1905,comparison,3
1906,competitor,3
1907,competitive,3
1908,complaint,3
1909,complex,3
1910,concentrate,3
1911,conclude,3
1912,conclusion,3
1913,confident,3
1914,confirm,3
1915,confuse,3
1916,confused,3
1917,connection,3
1918,consequence,3
1919,consist,3
1920,consume,3
1921,consumer,3
1922,contact,3
1923,container,3
1924,content1,3
1925,continuous,3
1926,contrast,3
1927,convenient,3
1928,convince,3
1929,cool,3
1930,costume,3
1931,cottage,3
1932,cotton,3
1933,count,3
1934,countryside,3
1935,court,3
1936,cover,3
1937,covered,3
1938,cream,3
1939,criminal,3
1940,cruel,3
1941,cultural,3
1942,currency,3
1943,current,3
1944,currently,3
1945,curtain,3
1946,custom,3
1947,cut,3
1948,daily,3
1949,damage,3
1950,deal,3
1951,decade,3
1952,decorate,3
1953,deep,3
1954,define,3
1955,definite,3
1956,definition,3
1957,deliver,3
1958,departure,3
1959,despite,3
1960,destination,3
1961,determine,3
1962,determined,3
1963,development,3
1964,diagram,3
1965,diamond,3
1966,difficulty,3
1967,direct,3
1968,directly,3
1969,dirt,3
1970,disadvantage,3
1971,disappointed,3
1972,disappointing,3
1973,discount,3
1974,dislike,3
1975,divide,3
1976,documentary,3
1977,donate,3
1978,double,3
1979,doubt,3
1980,dressed,3
1981,drop,3
1982,drum,3
1983,drunk,3
1984,due,3
1985,dust,3
1986,duty,3
1987,earthquake,3
1988,eastern,3
1989,economic,3
1990,economy,3
1991,edge,3
1992,editor,3
1993,educate,3
1994,educated,3
1995,educational,3
1996,effective,3
1997,effectively,3
1998,effort,3
1999,election,3
2000,element,3
2001,embarrassed,3
2002,embarrassing,3
2003,emergency,3
2004,emotion,3
2005,employment,3
2006,empty,3
2007,encourage,3
2008,enemy,3
2009,engaged,3
2010,engineering,3
2011,entertain,3
2012,entertainment,3
2013,entrance,3
2014,entry,3
2015,environmental,3
2016,episode,3
2017,equal,3
2018,equally,3
2019,escape,3
2020,essential,3
2021,eventually,3
2022,examine,3
2023,except,3
2024,exchange,3
2025,excitement,3
2026,exhibition,3
2027,expand,3
2028,expected,3
2029,expedition,3
2030,experience,3
2031,experienced,3
2032,experiment,3
2033,explode,3
2034,explore,3
2035,explosion,3
2036,export,3
2037,extra,3
2038,face,3
2039,fairly,3
2040,familiar,3
2041,fancy,3
2042,far,3
2043,fascinating,3
2044,fashionable,3
2045,fasten,3
2046,favour,3
2047,fear,3
2048,feature,3
2049,fence,3
2050,fighting,3
2051,file,3
2052,financial,3
2053,fire,3
2054,fitness,3
2055,fixed,3
2056,flag,3
2057,flood,3
2058,flour,3
2059,flow,3
2060,fold,3
2061,folk,3
2062,following,3
2063,force,3
2064,forever,3
2065,frame,3
2066,freeze,3
2067,frequently,3
2068,friendship,3
2069,frighten,3
2070,frightened,3
2071,frightening,3
2072,frozen,3
2073,fry,3
2074,fuel,3
2075,function,3
2076,fur,3
2077,further,3
2078,garage,3
2079,gather,3
2080,generally,3
2081,generation,3
2082,generous,3
2083,gentle,3
2084,gentleman,3
2085,ghost,3
2086,giant,3
2087,glad,3
2088,global,3
2089,glove,3
2090,go,3
2091,goods,3
2092,grade,3
2093,graduate,3
2094,grain,3
2095,grateful,3
2096,growth,3
2097,guard,3
2098,guilty,3
2099,hand,3
2100,hang,3
2101,happiness,3
2102,hardly,3
2103,hate,3
2104,head,3
2105,headline,3
2106,heating,3
2107,heavily,3
2108,helicopter,3
2109,highlight,3
2110,highly,3
2111,hire,3
2112,historic,3
2113,historical,3
2114,honest,3
2115,horrible,3
2116,horror,3
2117,host,3
2118,hunt,3
2119,hurricane,3
2120,hurry,3
2121,identity,3
2122,ignore,3
2123,illegal,3
2124,imaginary,3
2125,immediate,3
2126,immigrant,3
2127,impact,3
2128,import,3
2129,importance,3
2130,impression,3
2131,impressive,3
2132,improvement,3
2133,incredibly,3
2134,indeed,3
2135,indicate,3
2136,indirect,3
2137,indoor,3
2138,indoors,3
2139,influence,3
2140,ingredient,3
2141,injure,3
2142,injured,3
2143,innocent,3
2144,intelligence,3
2145,intend,3
2146,intention,3
2147,invest,3
2148,investigate,3
2149,involved,3
2150,iron,3
2151,issue,3
2152,it,3
2153,journal,3
2154,judge,3
2155,keen,3
2156,key,3
2157,keyboard,3
2158,kick,3
2159,killing,3
2160,kind,3
2161,kiss,3
2162,knock,3
2163,label,3
2164,laboratory,3
2165,lack,3
2166,latest,3
2167,lay,3
2168,layer,3
2169,lead1,3
2170,leading,3
2171,leaf,3
2172,leather,3
2173,legal,3
2174,leisure,3
2175,length,3
2176,level,3
2177,lie2,3
2178,like,3
2179,limit,3
2180,lip,3
2181,liquid,3
2182,literature,3
2183,live2,3
2184,living,3
2185,local,3
2186,locate,3
2187,located,3
2188,location,3
2189,lonely,3
2190,loss,3
2191,luxury,3
2192,mad,3
2193,magic,3
2194,mainly,3
2195,mall,3
2196,management,3
2197,market,3
2198,marketing,3
2199,marriage,3
2200,meanwhile,3
2201,measure,3
2202,medium,3
2203,mental,3
2204,mention,3
2205,mess,3
2206,mild,3
2207,mine,3
2208,mix,3
2209,mixture,3
2210,mood,3
2211,move,3
2212,mud,3
2213,murder,3
2214,muscle,3
2215,musical,3
2216,mystery,3
2217,nail,3
2218,narrative,3
2219,nation,3
2220,native,3
2221,naturally,3
2222,necessarily,3
2223,need,3
2224,needle,3
2225,neighbourhood,3
2226,neither,3
2227,net,3
2228,next,3
2229,nor,3
2230,normal,3
2231,northern,3
2232,note,3
2233,now,3
2234,nuclear,3
2235,obvious,3
2236,obviously,3
2237,occasion,3
2238,occur,3
2239,odd,3
2240,official,3
2241,old-fashioned,3
2242,once,3
2243,operation,3
2244,organized,3
2245,organizer,3
2246,original,3
2247,originally,3
2248,ought,3
2249,ours,3
2250,outdoor,3
2251,outdoors,3
2252,pack,3
2253,package,3
2254,painful,3
2255,pale,3
2256,pan,3
2257,participate,3
2258,particularly,3
2259,pass,3
2260,passion,3
2261,path,3
2262,payment,3
2263,peaceful,3
2264,percentage,3
2265,perfectly,3
2266,performance,3
2267,personally,3
2268,persuade,3
2269,photographer,3
2270,photography,3
2271,pin,3
2272,pipe,3
2273,place,3
2274,planning,3
2275,pleasant,3
2276,pleasure,3
2277,plenty,3
2278,plot,3
2279,plus1,3
2280,poem,3
2281,poet,3
2282,poetry,3
2283,point,3
2284,poison,3
2285,poisonous,3
2286,policy,3
2287,political,3
2288,politician,3
2289,politics,3
2290,port,3
2291,portrait,3
2292,possibly,3
2293,pot,3
2294,pour,3
2295,poverty,3
2296,powder,3
2297,powerful,3
2298,practical,3
2299,pray,3
2300,prayer,3
2301,prediction,3
2302,prepared,3
2303,presentation,3
2304,press,3
2305,pressure,3
2306,pretend,3
2307,previous,3
2308,previously,3
2309,priest,3
2310,primary,3
2311,prince,3
2312,princess,3
2313,printing,3
2314,prisoner,3
2315,private,3
2316,producer,3
2317,production,3
2318,profession,3
2319,profit,3
2320,program,3
2321,promote,3
2322,proper,3
2323,properly,3
2324,property,3
2325,protest,3
2326,proud,3
2327,prove,3
2328,pull,3
2329,punish,3
2330,punishment,3
2331,push,3
2332,qualification,3
2333,qualified,3
2334,qualify,3
2335,queue,3
2336,quit,3
2337,quotation,3
2338,quote,3
2339,race,3
2340,racing,3
2341,range,3
2342,rare,3
2343,rarely,3
2344,reaction,3
2345,reality,3
2346,receipt,3
2347,recommendation,3
2348,reference,3
2349,reflect,3
2350,regularly,3
2351,reject,3
2352,relate,3
2353,related,3
2354,relation,3
2355,relative,3
2356,relaxed,3
2357,relaxing,3
2358,release,3
2359,reliable,3
2360,religion,3
2361,religious,3
2362,remain,3
2363,remind,3
2364,remote,3
2365,rent,3
2366,repair,3
2367,repeat,3
2368,repeated,3
2369,represent,3
2370,request,3
2371,require,3
2372,reservation,3
2373,resource,3
2374,respect,3
2375,responsibility,3
2376,responsible,3
2377,result,3
2378,retire,3
2379,retired,3
2380,revise,3
2381,ring2,3
2382,rise,3
2383,risk,3
2384,robot,3
2385,roll,3
2386,romantic,3
2387,rope,3
2388,rough,3
2389,row1,3
2390,royal,3
2391,rugby,3
2392,rule,3
2393,safety,3
2394,sail,3
2395,sailor,3
2396,sample,3
2397,sand,3
2398,scan,3
2399,scientific,3
2400,script,3
2401,sculpture,3
2402,secondary,3
2403,security,3
2404,seed,3
2405,sensible,3
2406,separate,3
2407,seriously,3
2408,servant,3
2409,set,3
2410,set,3
2411,setting,3
2412,sex,3
2413,sexual,3
2414,shake,3
2415,share,3
2416,sharp,3
2417,shelf,3
2418,shell,3
2419,shift,3
2420,shine,3
2421,shiny,3
2422,shoot,3
2423,shy,3
2424,sight,3
2425,signal,3
2426,silent,3
2427,silly,3
2428,similarity,3
2429,similarly,3
2430,simply,3
2431,since,3
2432,sink,3
2433,slice,3
2434,slightly,3
2435,slow,3
2436,smart,3
2437,smooth,3
2438,software,3
2439,soil,3
2440,solid,3
2441,sort,3
2442,southern,3
2443,specifically,3
2444,spending,3
2445,spicy,3
2446,spirit,3
2447,spoken,3
2448,spot,3
2449,spread,3
2450,spring,3
2451,stadium,3
2452,staff,3
2453,standard,3
2454,state,3
2455,statistic,3
2456,statue,3
2457,stick,3
2458,stick,3
2459,still,3
2460,store,3
2461,stranger,3
2462,strength,3
2463,string,3
2464,strongly,3
2465,studio,3
2466,stuff,3
2467,substance,3
2468,successfully,3
2469,sudden,3
2470,suffer,3
2471,suit,3
2472,suitable,3
2473,summarize,3
2474,summary,3
2475,supply,3
2476,supporter,3
2477,surely,3
2478,surface,3
2479,survive,3
2480,swim,3
2481,switch,3
2482,symptom,3
2483,tail,3
2484,talent,3
2485,talented,3
2486,tape,3
2487,tax,3
2488,technical,3
2489,technique,3
2490,tend,3
2491,tent,3
2492,that,3
2493,theirs,3
2494,theme,3
2495,theory,3
2496,therefore,3
2497,this,3
2498,though,3
2499,throat,3
2500,throughout,3
2501,tight,3
2502,till,3
2503,tin,3
2504,tiny,3
2505,tip,3
2506,toe,3
2507,tongue,3
2508,total,3
2509,totally,3
2510,touch,3
2511,tour,3
2512,trade,3
2513,translate,3
2514,translation,3
2515,transport,3
2516,treat,3
2517,treatment,3
2518,trend,3
2519,trick,3
2520,truth,3
2521,tube,3
2522,type,3
2523,typically,3
2524,tyre,3
2525,ugly,3
2526,unable,3
2527,uncomfortable,3
2528,underwear,3
2529,unemployed,3
2530,unemployment,3
2531,unfair,3
2532,union,3
2533,unless,3
2534,unlike,3
2535,unlikely,3
2536,unnecessary,3
2537,unpleasant,3
2538,update,3
2539,upon,3
2540,upset,3
2541,used1,3
2542,used2,3
2543,valuable,3
2544,value,3
2545,various,3
2546,version,3
2547,victim,3
2548,view,3
2549,viewer,3
2550,violent,3
2551,volunteer,3
2552,vote,3
2553,warm,3
2554,warn,3
2555,warning,3
2556,waste,3
2557,water,3
2558,wave,3
2559,weapon,3
2560,weigh,3
2561,western,3
2562,whatever,3
2563,whenever,3
2564,whether,3
2565,while,3
2566,whole,3
2567,will,3
2568,win,3
2569,wing,3
2570,within,3
2571,wonder,3
2572,wool,3
2573,worldwide,3
2574,worry,3
2575,worse,3
2576,worst,3
2577,worth,3
2578,written,3
2579,wrong,3
2580,yard,3
2581,young,3
2582,youth,3
2583,absorb,4
2584,abstract,4
2585,accent,4
2586,accidentally,4
2587,accommodate,4
2588,accomplish,4
2589,accountant,4
2590,accuracy,4
2591,accurately,4
2592,acid,4
2593,activate,4
2594,addiction,4
2595,additionally,4
2596,adequate,4
2597,adequately,4
2598,adjust,4
2599,affordable,4
2600,agriculture,4
2601,aids,4
2602,alien,4
2603,alongside,4
2604,altogether,4
2605,ambulance,4
2606,amusing,4
2607,analyst,4
2608,ancestor,4
2609,animation,4
2610,annually,4
2611,anticipate,4
2612,anxiety,4
2613,apology,4
2614,applicant,4
2615,appropriately,4
2616,arrow,4
2617,artwork,4
2618,aside,4
2619,asset,4
2620,assign,4
2621,assistance,4
2622,assumption,4
2623,assure,4
2624,astonishing,4
2625,attachment,4
2626,auction,4
2627,audio,4
2628,automatic,4
2629,automatically,4
2630,awareness,4
2631,awkward,4
2632,badge,4
2633,balanced,4
2634,ballet,4
2635,balloon,4
2636,barely,4
2637,bargain,4
2638,basement,4
2639,basket,4
2640,bat,4
2641,beneficial,4
2642,beside,4
2643,besides,4
2644,bias,4
2645,bid,4
2646,biological,4
2647,blanket,4
2648,blow,4
2649,bold,4
2650,bombing,4
2651,booking,4
2652,boost,4
2653,bound,4
2654,brick,4
2655,briefly,4
2656,broadcaster,4
2657,broadly,4
2658,bug,4
2659,cabin,4
2660,canal,4
2661,candle,4
2662,carbon,4
2663,casual,4
2664,cave,4
2665,certainty,4
2666,certificate,4
2667,challenging,4
2668,championship,4
2669,charming,4
2670,chase,4
2671,cheek,4
2672,cheer,4
2673,choir,4
2674,chop,4
2675,circuit,4
2676,civilization,4
2677,clarify,4
2678,classify,4
2679,clerk,4
2680,cliff,4
2681,clinic,4
2682,clip,4
2683,coincidence,4
2684,collector,4
2685,colony,4
2686,colourful,4
2687,comic,4
2688,commander,4
2689,comparative,4
2690,completion,4
2691,compose,4
2692,composer,4
2693,compound,4
2694,comprehensive,4
2695,comprise,4
2696,compulsory,4
2697,concrete,4
2698,confess,4
2699,confusion,4
2700,consequently,4
2701,conservation,4
2702,considerable,4
2703,considerably,4
2704,consistently,4
2705,conspiracy,4
2706,consult,4
2707,consultant,4
2708,consumption,4
2709,controversial,4
2710,controversy,4
2711,convenience,4
2712,convention,4
2713,conventional,4
2714,convey,4
2715,convincing,4
2716,cope,4
2717,corporation,4
2718,corridor,4
2719,counter,4
2720,coverage,4
2721,crack,4
2722,craft,4
2723,creativity,4
2724,critically,4
2725,cruise,4
2726,cue,4
2727,curious,4
2728,curriculum,4
2729,cute,4
2730,dairy,4
2731,dare,4
2732,darkness,4
2733,database,4
2734,deadline,4
2735,deadly,4
2736,dealer,4
2737,deck,4
2738,defender,4
2739,delete,4
2740,democracy,4
2741,democratic,4
2742,demonstration,4
2743,depart,4
2744,dependent,4
2745,deposit,4
2746,depression,4
2747,derive,4
2748,desperately,4
2749,destruction,4
2750,determination,4
2751,devote,4
2752,differ,4
2753,disability,4
2754,disabled,4
2755,disagreement,4
2756,disappoint,4
2757,disappointment,4
2758,discourage,4
2759,disorder,4
2760,distant,4
2761,distinct,4
2762,distinguish,4
2763,distract,4
2764,disturb,4
2765,dive,4
2766,diverse,4
2767,diversity,4
2768,divorce,4
2769,dominant,4
2770,donation,4
2771,dot,4
2772,downtown,4
2773,dramatically,4
2774,drought,4
2775,dull,4
2776,dump,4
2777,duration,4
2778,dynamic,4
2779,economics,4
2780,economist,4
2781,editorial,4
2782,efficiently,4
2783,elbow,4
2784,electronics,4
2785,elegant,4
2786,elementary,4
2787,eliminate,4
2788,embrace,4
2789,emission,4
2790,emotionally,4
2791,empire,4
2792,enjoyable,4
2793,entertaining,4
2794,entrepreneur,4
2795,envelope,4
2796,equip,4
2797,equivalent,4
2798,era,4
2799,erupt,4
2800,essentially,4
2801,ethic,4
2802,ethnic,4
2803,evaluation,4
2804,evident,4
2805,evolution,4
2806,evolve,4
2807,exceed,4
2808,exception,4
2809,excessive,4
2810,exclude,4
2811,exhibit,4
2812,exit,4
2813,exotic,4
2814,expansion,4
2815,expertise,4
2816,exploit,4
2817,exposure,4
2818,extension,4
2819,extensive,4
2820,extensively,4
2821,extract,4
2822,fabric,4
2823,fabulous,4
2824,failed,4
2825,fake,4
2826,fame,4
2827,fantasy,4
2828,fare,4
2829,federal,4
2830,fever,4
2831,firefighter,4
2832,firework,4
2833,firm,4
2834,firmly,4
2835,flavour,4
2836,fond,4
2837,fool,4
2838,forbid,4
2839,forecast,4
2840,format,4
2841,formation,4
2842,formerly,4
2843,fortunate,4
2844,forum,4
2845,fossil,4
2846,foundation,4
2847,founder,4
2848,fraction,4
2849,fragment,4
2850,framework,4
2851,fraud,4
2852,freely,4
2853,frequent,4
2854,fulfil,4
2855,full-time,4
2856,fundamentally,4
2857,furious,4
2858,gaming,4
2859,gay,4
2860,gender,4
2861,gene,4
2862,genetic,4
2863,genius,4
2864,genuine,4
2865,genuinely,4
2866,gesture,4
2867,gig,4
2868,globalization,4
2869,globe,4
2870,golden,4
2871,goodness,4
2872,gorgeous,4
2873,governor,4
2874,graphic,4
2875,graphics,4
2876,greatly,4
2877,greenhouse,4
2878,grocery,4
2879,guideline,4
2880,habitat,4
2881,harbour,4
2882,headquarters,4
2883,heal,4
2884,healthcare,4
2885,helmet,4
2886,hence,4
2887,herb,4
2888,hidden,4
2889,highway,4
2890,hilarious,4
2891,hip,4
2892,historian,4
2893,homeless,4
2894,honesty,4
2895,hook,4
2896,hopefully,4
2897,hunger,4
2898,hypothesis,4
2899,icon,4
2900,id,4
2901,identical,4
2902,illusion,4
2903,immigration,4
2904,immune,4
2905,implement,4
2906,implication,4
2907,incentive,4
2908,incorporate,4
2909,incorrect,4
2910,independence,4
2911,index,4
2912,indication,4
2913,inevitable,4
2914,inevitably,4
2915,infer,4
2916,inflation,4
2917,info,4
2918,infrastructure,4
2919,inhabitant,4
2920,inherit,4
2921,ink,4
2922,innovation,4
2923,innovative,4
2924,input,4
2925,insert,4
2926,inspector,4
2927,installation,4
2928,instant,4
2929,instantly,4
2930,integrate,4
2931,intellectual,4
2932,interact,4
2933,interaction,4
2934,interpretation,4
2935,interval,4
2936,invade,4
2937,invasion,4
2938,investor,4
2939,isolate,4
2940,isolated,4
2941,jail,4
2942,jet,4
2943,joint,4
2944,journalism,4
2945,jury,4
2946,kit,4
2947,ladder,4
2948,landing,4
2949,lane,4
2950,lately,4
2951,leaflet,4
2952,legend,4
2953,lens,4
2954,lifetime,4
2955,lighting,4
2956,likewise,4
2957,limitation,4
2958,literally,4
2959,literary,4
2960,litre,4
2961,litter,4
2962,logo,4
2963,lottery,4
2964,loyal,4
2965,lyric,4
2966,magnificent,4
2967,make-up,4
2968,making,4
2969,manufacture,4
2970,manufacturing,4
2971,marathon,4
2972,margin,4
2973,marker,4
2974,martial,4
2975,mate,4
2976,mayor,4
2977,mechanic,4
2978,mechanical,4
2979,mechanism,4
2980,medal,4
2981,medication,4
2982,membership,4
2983,memorable,4
2984,metaphor,4
2985,miner,4
2986,miserable,4
2987,mode,4
2988,modest,4
2989,monster,4
2990,monthly,4
2991,monument,4
2992,moreover,4
2993,mortgage,4
2994,mosque,4
2995,motion,4
2996,motivate,4
2997,motivation,4
2998,moving,4
2999,myth,4
3000,naked,4
3001,nasty,4
3002,navigation,4
3003,nearby,4
3004,necessity,4
3005,negotiate,4
3006,negotiation,4
3007,neutral,4
3008,newly,4
3009,norm,4
3010,notebook,4
3011,novelist,4
3012,nowadays,4
3013,nursing,4
3014,nutrition,4
3015,obesity,4
3016,observer,4
3017,obstacle,4
3018,occupation,4
3019,occupy,4
3020,offender,4
3021,ongoing,4
3022,openly,4
3023,opera,4
3024,operator,4
3025,optimistic,4
3026,orchestra,4
3027,organic,4
3028,outfit,4
3029,output,4
3030,outstanding,4
3031,overcome,4
3032,overnight,4
3033,overseas,4
3034,ownership,4
3035,oxygen,4
3036,packet,4
3037,palm,4
3038,panic,4
3039,parade,4
3040,parallel,4
3041,participation,4
3042,partnership,4
3043,part-time,4
3044,passionate,4
3045,password,4
3046,patience,4
3047,pause,4
3048,peer,4
3049,penalty,4
3050,perceive,4
3051,perception,4
3052,permanently,4
3053,pill,4
3054,pity,4
3055,placement,4
3056,portion,4
3057,potentially,4
3058,precede,4
3059,precious,4
3060,precise,4
3061,precisely,4
3062,predictable,4
3063,preference,4
3064,pride,4
3065,primarily,4
3066,principal,4
3067,prior,4
3068,probability,4
3069,probable,4
3070,proceed,4
3071,programming,4
3072,progressive,4
3073,prohibit,4
3074,promising,4
3075,promotion,4
3076,prompt,4
3077,proportion,4
3078,protein,4
3079,protester,4
3080,psychological,4
3081,publicity,4
3082,publishing,4
3083,punk,4
3084,purely,4
3085,pursuit,4
3086,puzzle,4
3087,questionnaire,4
3088,racial,4
3089,racism,4
3090,racist,4
3091,radiation,4
3092,rail,4
3093,random,4
3094,rat,4
3095,rating,4
3096,reasonably,4
3097,rebuild,4
3098,receiver,4
3099,recession,4
3100,reckon,4
3101,recognition,4
3102,recovery,4
3103,recruit,4
3104,recruitment,4
3105,referee,4
3106,refugee,4
3107,registration,4
3108,regulate,4
3109,reinforce,4
3110,relieve,4
3111,relieved,4
3112,remarkable,4
3113,remarkably,4
3114,reporting,4
3115,resign,4
3116,resolution,4
3117,restore,4
3118,restrict,4
3119,restriction,4
3120,retail,4
3121,retirement,4
3122,revenue,4
3123,revision,4
3124,ridiculous,4
3125,risky,4
3126,rival,4
3127,rob,4
3128,robbery,4
3129,rocket,4
3130,romance,4
3131,rose,4
3132,roughly,4
3133,ruin,4
3134,satisfaction,4
3135,scandal,4
3136,scare,4
3137,scenario,4
3138,scholar,4
3139,scholarship,4
3140,scratch,4
3141,screening,4
3142,seeker,4
3143,seminar,4
3144,settler,4
3145,severely,4
3146,sexy,4
3147,shaped,4
3148,shocking,4
3149,shore,4
3150,shortage,4
3151,shortly,4
3152,short-term,4
3153,sibling,4
3154,signature,4
3155,significance,4
3156,skilled,4
3157,skull,4
3158,slogan,4
3159,so-called,4
3160,somehow,4
3161,sometime,4
3162,sophisticated,4
3163,spare,4
3164,specialize,4
3165,specify,4
3166,spectacular,4
3167,spectator,4
3168,speculate,4
3169,speculation,4
3170,spice,4
3171,spill,4
3172,spite,4
3173,spoil,4
3174,spokesman,4
3175,spokesperson,4
3176,spokeswoman,4
3177,sponsorship,4
3178,sporting,4
3179,stall,4
3180,stance,4
3181,starve,4
3182,steadily,4
3183,steam,4
3184,stimulate,4
3185,strengthen,4
3186,strictly,4
3187,stroke,4
3188,stunning,4
3189,subsequent,4
3190,subsequently,4
3191,suburb,4
3192,suffering,4
3193,sufficient,4
3194,sufficiently,4
3195,super,4
3196,surgeon,4
3197,survival,4
3198,survivor,4
3199,suspend,4
3200,sustainable,4
3201,swallow,4
3202,sympathetic,4
3203,tackle,4
3204,tag,4
3205,tap,4
3206,technological,4
3207,teens,4
3208,temple,4
3209,temporarily,4
3210,tendency,4
3211,tension,4
3212,terminal,4
3213,terms,4
3214,terribly,4
3215,terrify,4
3216,territory,4
3217,terror,4
3218,terrorism,4
3219,terrorist,4
3220,testing,4
3221,textbook,4
3222,theft,4
3223,therapist,4
3224,thesis,4
3225,thorough,4
3226,thoroughly,4
3227,thumb,4
3228,timing,4
3229,tissue,4
3230,ton,4
3231,tonne,4
3232,tournament,4
3233,trace,4
3234,trading,4
3235,tragedy,4
3236,tragic,4
3237,trait,4
3238,transmit,4
3239,transportation,4
3240,trap,4
3241,treasure,4
3242,tribe,4
3243,trigger,4
3244,trillion,4
3245,troop,4
3246,tsunami,4
3247,ultimate,4
3248,unacceptable,4
3249,uncertainty,4
3250,undergo,4
3251,undertake,4
3252,unfold,4
3253,unfortunate,4
3254,unite,4
3255,unity,4
3256,universal,4
3257,urgent,4
3258,usage,4
3259,useless,4
3260,valid,4
3261,variation,4
3262,vertical,4
3263,viewpoint,4
3264,visa,4
3265,visible,4
3266,voluntary,4
3267,voting,4
3268,wander,4
3269,warming,4
3270,weekly,4
3271,weird,4
3272,welfare,4
3273,wheat,4
3274,whoever,4
3275,widespread,4
3276,wisdom,4
3277,withdraw,4
3278,workforce,4
3279,workplace,4
3280,workshop,4
3281,worm,4
3282,wrist,4
3283,abandon,4
3284,absolute,4
3285,academic,4
3286,acceptable,4
3287,accompany,4
3288,account,4
3289,accurate,4
3290,accuse,4
3291,acknowledge,4
3292,acquire,4
3293,actual,4
3294,adapt,4
3295,additional,4
3296,address,4
3297,administration,4
3298,adopt,4
3299,advance,4
3300,affair,4
3301,afterwards,4
3302,agency,4
3303,agenda,4
3304,aggressive,4
3305,aid,4
3306,aircraft,4
3307,alarm,4
3308,alter,4
3309,amount,4
3310,anger,4
3311,angle,4
3312,anniversary,4
3313,annual,4
3314,anxious,4
3315,apparent,4
3316,apparently,4
3317,appeal,4
3318,approach,4
3319,appropriate,4
3320,approval,4
3321,approve,4
3322,arise,4
3323,armed,4
3324,arms,4
3325,artificial,4
3326,artistic,4
3327,ashamed,4
3328,aspect,4
3329,assess,4
3330,assessment,4
3331,associate,4
3332,associated,4
3333,association,4
3334,assume,4
3335,attempt,4
3336,back,4
3337,bacteria,4
3338,bar,4
3339,barrier,4
3340,basically,4
3341,battle,4
3342,bear,4
3343,beat,4
3344,beg,4
3345,being,4
3346,bent,4
3347,bet,4
3348,beyond,4
3349,bill,4
3350,bitter,4
3351,blame,4
3352,blind,4
3353,bond,4
3354,border,4
3355,breast,4
3356,brief,4
3357,broad,4
3358,broadcast,4
3359,budget,4
3360,bullet,4
3361,bunch,4
3362,burn,4
3363,bush,4
3364,but,4
3365,cable,4
3366,calculate,4
3367,cancel,4
3368,cancer,4
3369,capable,4
3370,capacity,4
3371,capture,4
3372,cast,4
3373,catch,4
3374,cell,4
3375,chain,4
3376,chair,4
3377,chairman,4
3378,challenge,4
3379,characteristic,4
3380,chart,4
3381,chief,4
3382,circumstance,4
3383,cite,4
3384,citizen,4
3385,civil,4
3386,classic,4
3387,close1,4
3388,closely,4
3389,collapse,4
3390,combination,4
3391,comfort,4
3392,command,4
3393,commission,4
3394,commitment,4
3395,committee,4
3396,commonly,4
3397,complex,4
3398,complicated,4
3399,component,4
3400,concentration,4
3401,concept,4
3402,concern,4
3403,concerned,4
3404,conduct,4
3405,confidence,4
3406,conflict,4
3407,confusing,4
3408,conscious,4
3409,conservative,4
3410,consideration,4
3411,consistent,4
3412,constant,4
3413,constantly,4
3414,construct,4
3415,construction,4
3416,contemporary,4
3417,contest,4
3418,contract,4
3419,contribute,4
3420,contribution,4
3421,convert,4
3422,convinced,4
3423,core,4
3424,corporate,4
3425,council,4
3426,county,4
3427,courage,4
3428,crash,4
3429,creation,4
3430,creature,4
3431,credit,4
3432,crew,4
3433,crisis,4
3434,criterion,4
3435,critic,4
3436,critical,4
3437,criticism,4
3438,criticize,4
3439,crop,4
3440,crucial,4
3441,cry,4
3442,cure,4
3443,current,4
3444,curve,4
3445,curved,4
3446,date,4
3447,debate,4
3448,debt,4
3449,decent,4
3450,declare,4
3451,decline,4
3452,decoration,4
3453,decrease,4
3454,deeply,4
3455,defeat,4
3456,defence,4
3457,defend,4
3458,delay,4
3459,deliberate,4
3460,deliberately,4
3461,delight,4
3462,delighted,4
3463,delivery,4
3464,demand,4
3465,demonstrate,4
3466,deny,4
3467,depressed,4
3468,depressing,4
3469,depth,4
3470,desert,4
3471,deserve,4
3472,desire,4
3473,desperate,4
3474,detail,4
3475,detailed,4
3476,detect,4
3477,dig,4
3478,disc,4
3479,discipline,4
3480,discount,4
3481,dishonest,4
3482,dismiss,4
3483,display,4
3484,distribute,4
3485,distribution,4
3486,district,4
3487,divide,4
3488,division,4
3489,document,4
3490,domestic,4
3491,dominate,4
3492,downwards,4
3493,dozen,4
3494,draft,4
3495,drag,4
3496,dramatic,4
3497,edit,4
3498,edition,4
3499,efficient,4
3500,elderly,4
3501,elect,4
3502,elsewhere,4
3503,emerge,4
3504,emotional,4
3505,emphasis,4
3506,emphasize,4
3507,enable,4
3508,encounter,4
3509,engage,4
3510,enhance,4
3511,enquiry,4
3512,ensure,4
3513,enthusiasm,4
3514,enthusiastic,4
3515,entire,4
3516,entirely,4
3517,equal,4
3518,establish,4
3519,estate,4
3520,estimate,4
3521,ethical,4
3522,evaluate,4
3523,even,4
3524,evil,4
3525,examination,4
3526,excuse,4
3527,executive,4
3528,existence,4
3529,expectation,4
3530,expense,4
3531,exploration,4
3532,expose,4
3533,extend,4
3534,extent,4
3535,external,4
3536,extraordinary,4
3537,extreme,4
3538,facility,4
3539,failure,4
3540,faith,4
3541,fault,4
3542,favour,4
3543,feather,4
3544,fee,4
3545,feed,4
3546,feedback,4
3547,feel,4
3548,fellow,4
3549,figure,4
3550,file,4
3551,finance,4
3552,finding,4
3553,firm,4
3554,fix,4
3555,flame,4
3556,flash,4
3557,flexible,4
3558,float,4
3559,fold,4
3560,folding,4
3561,following,4
3562,forgive,4
3563,former,4
3564,fortune,4
3565,forward,4
3566,found,4
3567,free,4
3568,freedom,4
3569,frequency,4
3570,fuel,4
3571,fully,4
3572,function,4
3573,fund,4
3574,fundamental,4
3575,funding,4
3576,furthermore,4
3577,gain,4
3578,gang,4
3579,generate,4
3580,genre,4
3581,govern,4
3582,grab,4
3583,grade,4
3584,gradually,4
3585,grand,4
3586,grant,4
3587,guarantee,4
3588,handle,4
3589,harm,4
3590,harmful,4
3591,hearing,4
3592,heaven,4
3593,heel,4
3594,hell,4
3595,hesitate,4
3596,high,4
3597,hire,4
3598,hold,4
3599,hollow,4
3600,holy,4
3601,honour,4
3602,host,4
3603,house,4
3604,household,4
3605,housing,4
3606,humorous,4
3607,humour,4
3608,hunt,4
3609,hunting,4
3610,hurt,4
3611,ideal,4
3612,illustrate,4
3613,illustration,4
3614,imagination,4
3615,impatient,4
3616,imply,4
3617,impose,4
3618,impress,4
3619,impressed,4
3620,inch,4
3621,incident,4
3622,income,4
3623,increasingly,4
3624,industrial,4
3625,infection,4
3626,inform,4
3627,initial,4
3628,initially,4
3629,initiative,4
3630,inner,4
3631,insight,4
3632,insist,4
3633,inspire,4
3634,install,4
3635,instance,4
3636,institute,4
3637,institution,4
3638,insurance,4
3639,intended,4
3640,intense,4
3641,internal,4
3642,interpret,4
3643,interrupt,4
3644,investigation,4
3645,investment,4
3646,issue,4
3647,joy,4
3648,judgement,4
3649,junior,4
3650,justice,4
3651,justify,4
3652,labour,4
3653,landscape,4
3654,largely,4
3655,latest,4
3656,launch,4
3657,leadership,4
3658,league,4
3659,lean,4
3660,leave,4
3661,level,4
3662,licence,4
3663,limited,4
3664,line,4
3665,lively,4
3666,load,4
3667,loan,4
3668,logical,4
3669,long-term,4
3670,loose,4
3671,lord,4
3672,low,4
3673,lower,4
3674,lung,4
3675,maintain,4
3676,majority,4
3677,make,4
3678,map,4
3679,mass,4
3680,massive,4
3681,master,4
3682,matching,4
3683,material,4
3684,maximum,4
3685,means,4
3686,measurement,4
3687,medium,4
3688,melt,4
3689,military,4
3690,mineral,4
3691,minimum,4
3692,minister,4
3693,minor,4
3694,minority,4
3695,mission,4
3696,mistake,4
3697,mixed,4
3698,model,4
3699,modify,4
3700,monitor,4
3701,moral,4
3702,motor,4
3703,mount,4
3704,multiple,4
3705,multiply,4
3706,mysterious,4
3707,narrow,4
3708,national,4
3709,neat,4
3710,negative,4
3711,nerve,4
3712,nevertheless,4
3713,nightmare,4
3714,notion,4
3715,numerous,4
3716,obey,4
3717,object,4
3718,objective,4
3719,obligation,4
3720,observation,4
3721,observe,4
3722,obtain,4
3723,occasionally,4
3724,offence,4
3725,offend,4
3726,offensive,4
3727,official,4
3728,opening,4
3729,operate,4
3730,opponent,4
3731,oppose,4
3732,opposed,4
3733,opposition,4
3734,organ,4
3735,origin,4
3736,otherwise,4
3737,outcome,4
3738,outer,4
3739,outline,4
3740,overall,4
3741,owe,4
3742,pace,4
3743,package,4
3744,panel,4
3745,parliament,4
3746,participant,4
3747,partly,4
3748,passage,4
3749,patient,4
3750,pension1,4
3751,permanent,4
3752,permit,4
3753,perspective,4
3754,phase,4
3755,phenomenon,4
3756,philosophy,4
3757,pick,4
3758,picture,4
3759,pile,4
3760,pitch,4
3761,plain,4
3762,plot,4
3763,plus1,4
3764,pointed,4
3765,popularity,4
3766,pose,4
3767,position,4
3768,positive,4
3769,possess,4
3770,potential,4
3771,power,4
3772,praise,4
3773,pregnant,4
3774,preparation,4
3775,presence,4
3776,preserve,4
3777,price,4
3778,prime,4
3779,principle,4
3780,print,4
3781,priority,4
3782,privacy,4
3783,procedure,4
3784,process,4
3785,produce,4
3786,professional,4
3787,progress,4
3788,project,4
3789,proof,4
3790,proposal,4
3791,propose,4
3792,prospect,4
3793,protection,4
3794,psychologist,4
3795,psychology,4
3796,publication,4
3797,pupil,4
3798,purchase,4
3799,pure,4
3800,pursue,4
3801,range,4
3802,rank,4
3803,rapid,4
3804,rapidly,4
3805,rate,4
3806,raw,4
3807,reach,4
3808,realistic,4
3809,reasonable,4
3810,recall,4
3811,recover,4
3812,reduction,4
3813,regard,4
3814,regional,4
3815,register,4
3816,regret,4
3817,regulation,4
3818,relatively,4
3819,relevant,4
3820,relief,4
3821,rely,4
3822,remark,4
3823,representative,4
3824,reputation,4
3825,requirement,4
3826,rescue,4
3827,reserve,4
3828,resident,4
3829,resist,4
3830,resolve,4
3831,resort,4
3832,retain,4
3833,reveal,4
3834,revolution,4
3835,reward,4
3836,rhythm,4
3837,rid,4
3838,root,4
3839,round,4
3840,routine,4
3841,rub,4
3842,rubber,4
3843,rural,4
3844,rush,4
3845,sample,4
3846,satellite,4
3847,satisfied,4
3848,satisfy,4
3849,saving,4
3850,scale,4
3851,schedule,4
3852,scheme,4
3853,scream,4
3854,screen,4
3855,seat,4
3856,sector,4
3857,secure,4
3858,seek,4
3859,select,4
3860,selection,4
3861,self,4
3862,senior,4
3863,sense,4
3864,sensitive,4
3865,sentence,4
3866,sequence,4
3867,session,4
3868,settle,4
3869,severe,4
3870,shade,4
3871,shadow,4
3872,shallow,4
3873,shame,4
3874,shape,4
3875,shelter,4
3876,shift,4
3877,ship,4
3878,shock,4
3879,shocked,4
3880,shooting,4
3881,shot,4
3882,significant,4
3883,significantly,4
3884,silence,4
3885,silk,4
3886,sincere,4
3887,slave,4
3888,slide,4
3889,slight,4
3890,slip,4
3891,slope,4
3892,solar,4
3893,somewhat,4
3894,soul,4
3895,specialist,4
3896,species,4
3897,speed,4
3898,spiritual,4
3899,split,4
3900,sponsor,4
3901,spot,4
3902,spread,4
3903,stable,4
3904,stage,4
3905,stand,4
3906,stare,4
3907,status,4
3908,steady,4
3909,steel,4
3910,steep,4
3911,step,4
3912,sticky,4
3913,stiff,4
3914,stock,4
3915,stream,4
3916,stretch,4
3917,strict,4
3918,strike,4
3919,structure,4
3920,struggle,4
3921,stuff,4
3922,subject,4
3923,submit,4
3924,sum,4
3925,surgery,4
3926,surround,4
3927,surrounding,4
3928,survey,4
3929,suspect,4
3930,swear,4
3931,sweep,4
3932,switch,4
3933,sympathy,4
3934,tale,4
3935,tank,4
3936,target,4
3937,tear1,4
3938,tear2,4
3939,temporary,4
3940,term,4
3941,therapy,4
3942,threat,4
3943,threaten,4
3944,thus,4
3945,time,4
3946,title,4
3947,tone,4
3948,tough,4
3949,track,4
3950,transfer,4
3951,transform,4
3952,transition,4
3953,trial,4
3954,trip,4
3955,tropical,4
3956,trouble,4
3957,truly,4
3958,trust,4
3959,try,4
3960,tune,4
3961,tunnel,4
3962,ultimately,4
3963,unconscious,4
3964,unexpected,4
3965,unique,4
3966,universe,4
3967,unknown,4
3968,upper,4
3969,upwards,4
3970,urban,4
3971,urge,4
3972,value,4
3973,vary,4
3974,vast,4
3975,venue,4
3976,very,4
3977,via,4
3978,victory,4
3979,violence,4
3980,virtual,4
3981,vision,4
3982,visual,4
3983,vital,4
3984,vitamin,4
3985,volume,4
3986,wage,4
3987,way,4
3988,weakness,4
3989,wealth,4
3990,wealthy,4
3991,whereas,4
3992,wherever,4
3993,whisper,4
3994,whom,4
3995,widely,4
3996,wildlife,4
3997,willing,4
3998,wind2,4
3999,wire,4
4000,wise,4
4001,witness,4
4002,worse,4
4003,worst,4
4004,worth,4
4005,wound,4
4006,wrap,4
4007,wrong,4
4008,yet,4
4009,zone,4
4010,abolish,5
4011,abortion,5
4012,absence,5
4013,absent,5
4014,absurd,5
4015,abundance,5
4016,abuse,5
4017,academy,5
4018,accelerate,5
4019,acceptance,5
4020,accessible,5
4021,accomplishment,5
4022,accordance,5
4023,accordingly,5
4024,accountability,5
4025,accountable,5
4026,accumulate,5
4027,accumulation,5
4028,accusation,5
4029,accused,5
4030,acid,5
4031,acquisition,5
4032,acre,5
4033,activation,5
4034,activist,5
4035,acute,5
4036,adaptation,5
4037,adhere,5
4038,adjacent,5
4039,adjustment,5
4040,administer,5
4041,administrative,5
4042,administrator,5
4043,admission,5
4044,adolescent,5
4045,adoption,5
4046,adverse,5
4047,advocate,5
4048,aesthetic,5
4049,affection,5
4050,aftermath,5
4051,aggression,5
4052,agricultural,5
4053,aide,5
4054,albeit,5
4055,alert,5
4056,alien,5
4057,align,5
4058,alignment,5
4059,alike,5
4060,allegation,5
4061,allege,5
4062,allegedly,5
4063,alliance,5
4064,allocate,5
4065,allocation,5
4066,allowance,5
4067,ally,5
4068,aluminium,5
4069,amateur,5
4070,ambassador,5
4071,amend,5
4072,amendment,5
4073,amid,5
4074,analogy,5
4075,anchor,5
4076,angel,5
4077,anonymous,5
4078,apparatus,5
4079,appealing,5
4080,appetite,5
4081,applaud,5
4082,applicable,5
4083,appoint,5
4084,appreciation,5
4085,arbitrary,5
4086,architectural,5
4087,archive,5
4088,arena,5
4089,arguably,5
4090,arm,5
4091,array,5
4092,articulate,5
4093,ash,5
4094,aspiration,5
4095,aspire,5
4096,assassination,5
4097,assault,5
4098,assemble,5
4099,assembly,5
4100,assert,5
4101,assertion,5
4102,assurance,5
4103,asylum,5
4104,atrocity,5
4105,attain,5
4106,attendance,5
4107,attorney,5
4108,attribute,5
4109,audit,5
4110,authentic,5
4111,authorize,5
4112,auto,5
4113,autonomy,5
4114,availability,5
4115,await,5
4116,backdrop,5
4117,backing,5
4118,backup,5
4119,bail,5
4120,ballot,5
4121,banner,5
4122,bare,5
4123,barrel,5
4124,bass1,5
4125,bat,5
4126,battlefield,5
4127,bay,5
4128,beam,5
4129,beast,5
4130,behalf,5
4131,beloved,5
4132,bench,5
4133,benchmark,5
4134,beneath,5
4135,beneficiary,5
4136,betray,5
4137,bind,5
4138,biography,5
4139,bishop,5
4140,bizarre,5
4141,blade,5
4142,blast,5
4143,bleed,5
4144,blend,5
4145,bless,5
4146,blessing,5
4147,boast,5
4148,bonus,5
4149,boom,5
4150,bounce,5
4151,boundary,5
4152,bow1,5
4153,breach,5
4154,breakdown,5
4155,breakthrough,5
4156,breed,5
4157,broadband,5
4158,browser,5
4159,brutal,5
4160,buck,5
4161,buddy,5
4162,buffer,5
4163,bulk,5
4164,burden,5
4165,bureaucracy,5
4166,burial,5
4167,burst,5
4168,cabinet,5
4169,calculation,5
4170,canvas,5
4171,capability,5
4172,capitalism,5
4173,capitalist,5
4174,cargo,5
4175,carriage,5
4176,carve,5
4177,casino,5
4178,casualty,5
4179,catalogue,5
4180,cater,5
4181,cattle,5
4182,caution,5
4183,cautious,5
4184,cease,5
4185,cemetery,5
4186,chamber,5
4187,chaos,5
4188,characterize,5
4189,charm,5
4190,charter,5
4191,chronic,5
4192,chunk,5
4193,circulate,5
4194,circulation,5
4195,citizenship,5
4196,civic,5
4197,civilian,5
4198,clarity,5
4199,clash,5
4200,classification,5
4201,cling,5
4202,clinical,5
4203,closure,5
4204,cluster,5
4205,coalition,5
4206,coastal,5
4207,cocktail,5
4208,cognitive,5
4209,coincide,5
4210,collaborate,5
4211,collaboration,5
4212,collective,5
4213,collision,5
4214,colonial,5
4215,columnist,5
4216,combat,5
4217,commence,5
4218,commentary,5
4219,commentator,5
4220,commerce,5
4221,commissioner,5
4222,commodity,5
4223,communist,5
4224,companion,5
4225,comparable,5
4226,compassion,5
4227,compel,5
4228,compelling,5
4229,compensate,5
4230,compensation,5
4231,competence,5
4232,competent,5
4233,compile,5
4234,complement,5
4235,complexity,5
4236,compliance,5
4237,complication,5
4238,comply,5
4239,composition,5
4240,compromise,5
4241,compute,5
4242,conceal,5
4243,concede,5
4244,conceive,5
4245,conception,5
4246,concession,5
4247,condemn,5
4248,confer,5
4249,confession,5
4250,configuration,5
4251,confine,5
4252,confirmation,5
4253,confront,5
4254,confrontation,5
4255,congratulate,5
4256,congregation,5
4257,congressional,5
4258,conquer,5
4259,conscience,5
4260,consciousness,5
4261,consecutive,5
4262,consensus,5
4263,consent,5
4264,conserve,5
4265,consistency,5
4266,consolidate,5
4267,constituency,5
4268,constitute,5
4269,constitution,5
4270,constitutional,5
4271,constraint,5
4272,consultation,5
4273,contemplate,5
4274,contempt,5
4275,contend,5
4276,contender,5
4277,content2,5
4278,contention,5
4279,continually,5
4280,contractor,5
4281,contradiction,5
4282,contrary,5
4283,contributor,5
4284,conversion,5
4285,convict,5
4286,conviction,5
4287,cooperate,5
4288,cooperative,5
4289,coordinate,5
4290,coordination,5
4291,coordinator,5
4292,cop,5
4293,copper,5
4294,copyright,5
4295,correction,5
4296,correlate,5
4297,correlation,5
4298,correspond,5
4299,correspondence,5
4300,correspondent,5
4301,corresponding,5
4302,corrupt,5
4303,corruption,5
4304,costly,5
4305,councillor,5
4306,counselling,5
4307,counsellor,5
4308,counter,5
4309,counterpart,5
4310,countless,5
4311,coup,5
4312,courtesy,5
4313,craft,5
4314,crawl,5
4315,creator,5
4316,credibility,5
4317,credible,5
4318,creep,5
4319,critique,5
4320,crown,5
4321,crude,5
4322,crush,5
4323,crystal,5
4324,cult,5
4325,cultivate,5
4326,curiosity,5
4327,custody,5
4328,cutting,5
4329,cynical,5
4330,dam,5
4331,damaging,5
4332,dawn,5
4333,debris,5
4334,debut,5
4335,decision-making,5
4336,decisive,5
4337,declaration,5
4338,dedicated,5
4339,dedication,5
4340,deed,5
4341,deem,5
4342,default,5
4343,defect,5
4344,defensive,5
4345,deficiency,5
4346,deficit,5
4347,defy,5
4348,delegate,5
4349,delegation,5
4350,delicate,5
4351,demon,5
4352,denial,5
4353,denounce,5
4354,dense,5
4355,density,5
4356,dependence,5
4357,depict,5
4358,deploy,5
4359,deployment,5
4360,deposit,5
4361,deprive,5
4362,deputy,5
4363,descend,5
4364,descent,5
4365,designate,5
4366,desirable,5
4367,desktop,5
4368,destructive,5
4369,detain,5
4370,detection,5
4371,detention,5
4372,deteriorate,5
4373,devastate,5
4374,devil,5
4375,devise,5
4376,diagnose,5
4377,diagnosis,5
4378,dictate,5
4379,dictator,5
4380,differentiate,5
4381,dignity,5
4382,dilemma,5
4383,dimension,5
4384,diminish,5
4385,dip,5
4386,diplomat,5
4387,diplomatic,5
4388,directory,5
4389,disastrous,5
4390,discard,5
4391,discharge,5
4392,disclose,5
4393,disclosure,5
4394,discourse,5
4395,discretion,5
4396,discrimination,5
4397,dismissal,5
4398,displace,5
4399,disposal,5
4400,dispose,5
4401,dispute,5
4402,disrupt,5
4403,disruption,5
4404,dissolve,5
4405,distinction,5
4406,distinctive,5
4407,distort,5
4408,distress,5
4409,disturbing,5
4410,divert,5
4411,divine,5
4412,doctrine,5
4413,documentation,5
4414,domain,5
4415,dominance,5
4416,donor,5
4417,dose,5
4418,drain,5
4419,drift,5
4420,driving,5
4421,drown,5
4422,dual,5
4423,dub,5
4424,dumb,5
4425,duo,5
4426,dynamic,5
4427,eager,5
4428,earnings,5
4429,ease,5
4430,echo,5
4431,ecological,5
4432,educator,5
4433,effectiveness,5
4434,efficiency,5
4435,ego,5
4436,elaborate,5
4437,electoral,5
4438,elevate,5
4439,eligible,5
4440,elite,5
4441,embark,5
4442,embarrassment,5
4443,embassy,5
4444,embed,5
4445,embody,5
4446,emergence,5
4447,empirical,5
4448,empower,5
4449,enact,5
4450,encompass,5
4451,encouragement,5
4452,encouraging,5
4453,endeavour,5
4454,endless,5
4455,endorse,5
4456,endorsement,5
4457,endure,5
4458,enforce,5
4459,enforcement,5
4460,engagement,5
4461,engaging,5
4462,enquire,5
4463,enrich,5
4464,enrol,5
4465,ensue,5
4466,enterprise,5
4467,enthusiast,5
4468,entitle,5
4469,entity,5
4470,epidemic,5
4471,equality,5
4472,equation,5
4473,erect,5
4474,escalate,5
4475,essence,5
4476,establishment,5
4477,eternal,5
4478,evacuate,5
4479,evoke,5
4480,evolutionary,5
4481,exaggerate,5
4482,excellence,5
4483,exceptional,5
4484,excess,5
4485,exclusion,5
4486,exclusive,5
4487,exclusively,5
4488,execute,5
4489,execution,5
4490,exert,5
4491,exile,5
4492,exit,5
4493,expenditure,5
4494,experimental,5
4495,expire,5
4496,explicit,5
4497,explicitly,5
4498,exploitation,5
4499,explosive,5
4500,extract,5
4501,extremist,5
4502,facilitate,5
4503,faction,5
4504,faculty,5
4505,fade,5
4506,fairness,5
4507,fatal,5
4508,fate,5
4509,favourable,5
4510,feat,5
4511,feminist,5
4512,fibre,5
4513,fierce,5
4514,film-maker,5
4515,filter,5
4516,fine,5
4517,firearm,5
4518,fit,5
4519,fixture,5
4520,flaw,5
4521,flawed,5
4522,flee,5
4523,fleet,5
4524,flesh,5
4525,flexibility,5
4526,flourish,5
4527,fluid,5
4528,footage,5
4529,foreigner,5
4530,forge,5
4531,formula,5
4532,formulate,5
4533,forth,5
4534,forthcoming,5
4535,foster,5
4536,fragile,5
4537,franchise,5
4538,frankly,5
4539,frustrated,5
4540,frustrating,5
4541,frustration,5
4542,functional,5
4543,fundraising,5
4544,funeral,5
4545,gallon,5
4546,gambling,5
4547,gathering,5
4548,gaze,5
4549,gear,5
4550,generic,5
4551,genocide,5
4552,glance,5
4553,glimpse,5
4554,glorious,5
4555,glory,5
4556,governance,5
4557,grace,5
4558,grasp,5
4559,grave,5
4560,grave,5
4561,gravity,5
4562,grid,5
4563,grief,5
4564,grin,5
4565,grind,5
4566,grip,5
4567,gross,5
4568,guerrilla,5
4569,guidance,5
4570,guilt,5
4571,gut,5
4572,hail,5
4573,halfway,5
4574,halt,5
4575,handful,5
4576,handling,5
4577,handy,5
4578,harassment,5
4579,hardware,5
4580,harmony,5
4581,harsh,5
4582,harvest,5
4583,hatred,5
4584,haunt,5
4585,hazard,5
4586,heighten,5
4587,heritage,5
4588,hierarchy,5
4589,high-profile,5
4590,hint,5
4591,homeland,5
4592,hook,5
4593,hopeful,5
4594,horizon,5
4595,horn,5
4596,hostage,5
4597,hostile,5
4598,hostility,5
4599,humanitarian,5
4600,humanity,5
4601,humble,5
4602,hydrogen,5
4603,identification,5
4604,ideological,5
4605,ideology,5
4606,idiot,5
4607,ignorance,5
4608,imagery,5
4609,immense,5
4610,imminent,5
4611,implementation,5
4612,imprison,5
4613,imprisonment,5
4614,inability,5
4615,inadequate,5
4616,inappropriate,5
4617,incidence,5
4618,inclined,5
4619,inclusion,5
4620,incur,5
4621,indicator,5
4622,indictment,5
4623,indigenous,5
4624,induce,5
4625,indulge,5
4626,inequality,5
4627,infamous,5
4628,infant,5
4629,infect,5
4630,inflict,5
4631,influential,5
4632,inherent,5
4633,inhibit,5
4634,initiate,5
4635,inject,5
4636,injection,5
4637,injustice,5
4638,inmate,5
4639,insertion,5
4640,insider,5
4641,inspect,5
4642,inspection,5
4643,inspiration,5
4644,instinct,5
4645,institutional,5
4646,instruct,5
4647,instrumental,5
4648,insufficient,5
4649,insult,5
4650,intact,5
4651,intake,5
4652,integral,5
4653,integrated,5
4654,integration,5
4655,integrity,5
4656,intellectual,5
4657,intensify,5
4658,intensity,5
4659,intensive,5
4660,intent,5
4661,interactive,5
4662,interface,5
4663,interfere,5
4664,interference,5
4665,interim,5
4666,interior,5
4667,intermediate,5
4668,intervene,5
4669,intervention,5
4670,intimate,5
4671,intriguing,5
4672,investigator,5
4673,invisible,5
4674,invoke,5
4675,involvement,5
4676,ironic,5
4677,ironically,5
4678,irony,5
4679,irrelevant,5
4680,isolation,5
4681,judicial,5
4682,junction,5
4683,jurisdiction,5
4684,just,5
4685,justification,5
4686,kidnap,5
4687,kidney,5
4688,kingdom,5
4689,lad,5
4690,landlord,5
4691,landmark,5
4692,lap,5
4693,large-scale,5
4694,laser,5
4695,latter,5
4696,lawn,5
4697,lawsuit,5
4698,layout,5
4699,leak,5
4700,leap,5
4701,legacy,5
4702,legendary,5
4703,legislation,5
4704,legislative,5
4705,legislature,5
4706,legitimate,5
4707,lengthy,5
4708,lesbian,5
4709,lesser,5
4710,lethal,5
4711,liable,5
4712,liberal,5
4713,liberation,5
4714,liberty,5
4715,license,5
4716,lifelong,5
4717,likelihood,5
4718,limb,5
4719,linear,5
4720,line-up,5
4721,linger,5
4722,listing,5
4723,literacy,5
4724,liver,5
4725,lobby,5
4726,log,5
4727,logic,5
4728,long-standing,5
4729,long-time,5
4730,loom,5
4731,loop,5
4732,loyalty,5
4733,machinery,5
4734,magical,5
4735,magistrate,5
4736,magnetic,5
4737,magnitude,5
4738,mainland,5
4739,mainstream,5
4740,maintenance,5
4741,mandate,5
4742,mandatory,5
4743,manifest,5
4744,manipulate,5
4745,manipulation,5
4746,manuscript,5
4747,march,5
4748,marginal,5
4749,marine,5
4750,marketplace,5
4751,mask,5
4752,massacre,5
4753,mathematical,5
4754,mature,5
4755,maximize,5
4756,meaningful,5
4757,meantime,5
4758,medieval,5
4759,meditation,5
4760,melody,5
4761,memo,5
4762,memoir,5
4763,memorial,5
4764,mentor,5
4765,merchant,5
4766,mercy,5
4767,mere,5
4768,merely,5
4769,merge,5
4770,merger,5
4771,merit,5
4772,methodology,5
4773,midst,5
4774,migration,5
4775,militant,5
4776,militia,5
4777,mill,5
4778,minimal,5
4779,minimize,5
4780,mining,5
4781,ministry,5
4782,minute2,5
4783,miracle,5
4784,misery,5
4785,misleading,5
4786,missile,5
4787,mob,5
4788,mobility,5
4789,mobilize,5
4790,moderate,5
4791,modification,5
4792,momentum,5
4793,monk,5
4794,monopoly,5
4795,morality,5
4796,motive,5
4797,motorist,5
4798,municipal,5
4799,mutual,5
4800,namely,5
4801,nationwide,5
4802,naval,5
4803,neglect,5
4804,neighbouring,5
4805,nest,5
4806,net,5
4807,newsletter,5
4808,niche,5
4809,noble,5
4810,nod,5
4811,nominate,5
4812,nomination,5
4813,nominee,5
4814,nonetheless,5
4815,non-profit,5
4816,nonsense,5
4817,noon,5
4818,notable,5
4819,notably,5
4820,notify,5
4821,notorious,5
4822,novel,5
4823,nursery,5
4824,objection,5
4825,oblige,5
4826,obsess,5
4827,obsession,5
4828,occasional,5
4829,occurrence,5
4830,odds,5
4831,offering,5
4832,offspring,5
4833,operational,5
4834,opt,5
4835,optical,5
4836,optimism,5
4837,oral,5
4838,organizational,5
4839,orientation,5
4840,originate,5
4841,outbreak,5
4842,outing,5
4843,outlet,5
4844,outlook,5
4845,outrage,5
4846,outsider,5
4847,overlook,5
4848,overly,5
4849,oversee,5
4850,overturn,5
4851,overwhelm,5
4852,overwhelming,5
4853,pad,5
4854,parameter,5
4855,parental,5
4856,parish,5
4857,parliamentary,5
4858,partial,5
4859,partially,5
4860,passing,5
4861,passive,5
4862,pastor,5
4863,patch,5
4864,patent,5
4865,pathway,5
4866,patrol,5
4867,patron,5
4868,peak,5
4869,peasant,5
4870,peculiar,5
4871,persist,5
4872,persistent,5
4873,personnel,5
4874,petition,5
4875,philosopher,5
4876,philosophical,5
4877,physician,5
4878,pioneer,5
4879,pipeline,5
4880,pirate,5
4881,pit,5
4882,plea,5
4883,plead,5
4884,pledge,5
4885,plug,5
4886,plunge,5
4887,pole,5
4888,poll,5
4889,pond,5
4890,pop,5
4891,portfolio,5
4892,portray,5
4893,postpone,5
4894,post-war,5
4895,practitioner,5
4896,preach,5
4897,precedent,5
4898,precision,5
4899,predator,5
4900,predecessor,5
4901,predominantly,5
4902,pregnancy,5
4903,prejudice,5
4904,preliminary,5
4905,premier,5
4906,premise,5
4907,premium,5
4908,prescribe,5
4909,prescription,5
4910,presently,5
4911,preservation,5
4912,preside,5
4913,presidency,5
4914,presidential,5
4915,prestigious,5
4916,presumably,5
4917,presume,5
4918,prevail,5
4919,prevalence,5
4920,prevention,5
4921,prey,5
4922,principal,5
4923,privatization,5
4924,privilege,5
4925,probe,5
4926,problematic,5
4927,proceedings,5
4928,proceeds,5
4929,processing,5
4930,processor,5
4931,proclaim,5
4932,productive,5
4933,productivity,5
4934,profitable,5
4935,profound,5
4936,projection,5
4937,prominent,5
4938,pronounced,5
4939,propaganda,5
4940,proposition,5
4941,prosecute,5
4942,prosecution,5
4943,prosecutor,5
4944,prospective,5
4945,prosperity,5
4946,protective,5
4947,protocol,5
4948,province,5
4949,provincial,5
4950,provision,5
4951,provoke,5
4952,psychiatric,5
4953,pulse,5
4954,pump,5
4955,punch,5
4956,query,5
4957,quest,5
4958,quota,5
4959,radar,5
4960,radical,5
4961,rage,5
4962,raid,5
4963,rally,5
4964,ranking,5
4965,rape,5
4966,ratio,5
4967,rational,5
4968,ray,5
4969,readily,5
4970,realization,5
4971,realm,5
4972,rear,5
4973,reasoning,5
4974,reassure,5
4975,rebel,5
4976,rebellion,5
4977,recipient,5
4978,reconstruction,5
4979,recount1,5
4980,referendum,5
4981,reflection,5
4982,reform,5
4983,refuge,5
4984,refusal,5
4985,regain,5
4986,regardless,5
4987,regime,5
4988,regulator,5
4989,regulatory,5
4990,rehabilitation,5
4991,reign,5
4992,rejection,5
4993,relevance,5
4994,reliability,5
4995,reluctant,5
4996,remainder,5
4997,remains,5
4998,remedy,5
4999,reminder,5
5000,removal,5
5001,render,5
5002,renew,5
5003,renowned,5
5004,rental,5
5005,replacement,5
5006,reportedly,5
5007,representation,5
5008,reproduce,5
5009,reproduction,5
5010,republic,5
5011,resemble,5
5012,reside,5
5013,residence,5
5014,residential,5
5015,residue,5
5016,resignation,5
5017,resistance,5
5018,respective,5
5019,respectively,5
5020,restoration,5
5021,restraint,5
5022,resume,5
5023,retreat,5
5024,retrieve,5
5025,revelation,5
5026,revenge,5
5027,reverse,5
5028,revival,5
5029,revive,5
5030,revolutionary,5
5031,rhetoric,5
5032,rifle,5
5033,riot,5
5034,rip,5
5035,ritual,5
5036,robust,5
5037,rock,5
5038,rod,5
5039,rotate,5
5040,rotation,5
5041,ruling,5
5042,rumour,5
5043,sack,5
5044,sacred,5
5045,sacrifice,5
5046,saint,5
5047,sake,5
5048,sanction,5
5049,say,5
5050,scattered,5
5051,sceptical,5
5052,scope,5
5053,screw,5
5054,scrutiny,5
5055,seal,5
5056,secular,5
5057,seemingly,5
5058,segment,5
5059,seize,5
5060,seldom,5
5061,selective,5
5062,senator,5
5063,sensation,5
5064,sensitivity,5
5065,sentiment,5
5066,separation,5
5067,serial,5
5068,settlement,5
5069,set-up,5
5070,sexuality,5
5071,shareholder,5
5072,shatter,5
5073,shed,5
5074,sheer,5
5075,shipping,5
5076,shoot,5
5077,shrink,5
5078,shrug,5
5079,sigh,5
5080,simulate,5
5081,simulation,5
5082,simultaneously,5
5083,sin,5
5084,situated,5
5085,sketch,5
5086,skip,5
5087,slam,5
5088,slap,5
5089,slash,5
5090,slavery,5
5091,slot,5
5092,smash,5
5093,snap,5
5094,soak,5
5095,soar,5
5096,socialist,5
5097,sole,5
5098,solely,5
5099,solicitor,5
5100,solidarity,5
5101,solo,5
5102,sound,5
5103,sovereignty,5
5104,spam,5
5105,span,5
5106,spare,5
5107,spark,5
5108,specialized,5
5109,specification,5
5110,specimen,5
5111,spectacle,5
5112,spectrum,5
5113,spell,5
5114,sphere,5
5115,spin,5
5116,spine,5
5117,spotlight,5
5118,spouse,5
5119,spy,5
5120,squad,5
5121,squeeze,5
5122,stab,5
5123,stability,5
5124,stabilize,5
5125,stake,5
5126,standing,5
5127,stark,5
5128,statistical,5
5129,steer,5
5130,stem,5
5131,stereotype,5
5132,stimulus,5
5133,stir,5
5134,storage,5
5135,straightforward,5
5136,strain,5
5137,strand,5
5138,strategic,5
5139,striking,5
5140,strip,5
5141,strip,5
5142,strive,5
5143,structural,5
5144,stumble,5
5145,stun,5
5146,submission,5
5147,subscriber,5
5148,subscription,5
5149,subsidy,5
5150,substantial,5
5151,substantially,5
5152,substitute,5
5153,substitution,5
5154,subtle,5
5155,suburban,5
5156,succession,5
5157,successive,5
5158,successor,5
5159,suck,5
5160,sue,5
5161,suicide,5
5162,suite,5
5163,summit,5
5164,superb,5
5165,superior,5
5166,supervise,5
5167,supervision,5
5168,supervisor,5
5169,supplement,5
5170,supportive,5
5171,supposedly,5
5172,suppress,5
5173,supreme,5
5174,surge,5
5175,surgical,5
5176,surplus,5
5177,surrender,5
5178,surveillance,5
5179,suspension,5
5180,suspicion,5
5181,suspicious,5
5182,sustain,5
5183,swing,5
5184,sword,5
5185,symbolic,5
5186,syndrome,5
5187,synthesis,5
5188,systematic,5
5189,tackle,5
5190,tactic,5
5191,tactical,5
5192,taxpayer,5
5193,tempt,5
5194,tenant,5
5195,tender,5
5196,tenure,5
5197,terminal,5
5198,terminate,5
5199,terrain,5
5200,terrific,5
5201,testify,5
5202,testimony,5
5203,texture,5
5204,thankfully,5
5205,theatrical,5
5206,theology,5
5207,theoretical,5
5208,thereafter,5
5209,thereby,5
5210,thoughtful,5
5211,thought-provoking,5
5212,thread,5
5213,threshold,5
5214,thrilled,5
5215,thrive,5
5216,tide,5
5217,tighten,5
5218,timber,5
5219,timely,5
5220,tobacco,5
5221,tolerance,5
5222,tolerate,5
5223,toll,5
5224,top,5
5225,torture,5
5226,toss,5
5227,total,5
5228,toxic,5
5229,trace,5
5230,trademark,5
5231,trail,5
5232,trailer,5
5233,transaction,5
5234,transcript,5
5235,transformation,5
5236,transit,5
5237,transmission,5
5238,transparency,5
5239,transparent,5
5240,trauma,5
5241,treaty,5
5242,tremendous,5
5243,tribal,5
5244,tribunal,5
5245,tribute,5
5246,trigger,5
5247,trio,5
5248,triumph,5
5249,trophy,5
5250,troubled,5
5251,trustee,5
5252,tuition,5
5253,turnout,5
5254,turnover,5
5255,twist,5
5256,undergraduate,5
5257,underlying,5
5258,undermine,5
5259,undoubtedly,5
5260,unify,5
5261,unprecedented,5
5262,unveil,5
5263,upcoming,5
5264,upgrade,5
5265,uphold,5
5266,utility,5
5267,utilize,5
5268,utterly,5
5269,vacuum,5
5270,vague,5
5271,validity,5
5272,vanish,5
5273,variable,5
5274,varied,5
5275,vein,5
5276,venture,5
5277,verbal,5
5278,verdict,5
5279,verify,5
5280,verse,5
5281,versus,5
5282,vessel,5
5283,veteran,5
5284,viable,5
5285,vibrant,5
5286,vice,5
5287,vicious,5
5288,villager,5
5289,violate,5
5290,violation,5
5291,virtue,5
5292,vocal,5
5293,vow,5
5294,vulnerability,5
5295,vulnerable,5
5296,ward,5
5297,warehouse,5
5298,warfare,5
5299,warrant,5
5300,warrior,5
5301,weaken,5
5302,weave,5
5303,weed,5
5304,well,5
5305,well-being,5
5306,whatsoever,5
5307,whereby,5
5308,whilst,5
5309,whip,5
5310,wholly,5
5311,widen,5
5312,widow,5
5313,width,5
5314,willingness,5
5315,wipe,5
5316,wit,5
5317,withdrawal,5
5318,workout,5
5319,worship,5
5320,worthwhile,5
5321,worthy,5
5322,yell,5
5323,yield,5
5324,youngster,5
